[    0.000000] Linux version 6.6.17 (huangant@rhino) (gcc (Debian 12.2.0-14) 12.2.0, GNU ld (GNU Binutils for Debian) 2.40) #1 SMP PREEMPT_DYNAMIC 5
[    0.000000] Command line: console=ttyS0 slub_debug=FZUP
[    0.000000] BIOS-provided physical RAM map:
[    0.000000] BIOS-e820: [mem 0x0000000000000000-0x000000000009fbff] usable
[    0.000000] BIOS-e820: [mem 0x000000000009fc00-0x000000000009ffff] reserved
[    0.000000] BIOS-e820: [mem 0x00000000000f0000-0x00000000000fffff] reserved
[    0.000000] BIOS-e820: [mem 0x0000000000100000-0x0000000005fdffff] usable
[    0.000000] BIOS-e820: [mem 0x0000000005fe0000-0x0000000005ffffff] reserved
[    0.000000] BIOS-e820: [mem 0x00000000fffc0000-0x00000000ffffffff] reserved
[    0.000000] BIOS-e820: [mem 0x000000fd00000000-0x000000ffffffffff] reserved
[    0.000000] NX (Execute Disable) protection: active
[    0.000000] APIC: Static calls initialized
[    0.000000] SMBIOS 2.8 present.
[    0.000000] DMI: QEMU Standard PC (i440FX + PIIX, 1996), BIOS 1.16.2-debian-1.16.2-1 04/01/2014
[    0.000000] tsc: Fast TSC calibration using PIT
[    0.000000] tsc: Detected 3530.139 MHz processor
[    0.005633] last_pfn = 0x5fe0 max_arch_pfn = 0x400000000
[    0.006054] MTRR map: 4 entries (3 fixed + 1 variable; max 19), built from 8 variable MTRRs
[    0.006150] x86/PAT: Configuration [0-7]: WB  WC  UC- UC  WB  WP  UC- WT
[    0.014494] found SMP MP-table at [mem 0x000f5ba0-0x000f5baf]
[    0.017200] RAMDISK: [mem 0x059c3000-0x05fdffff]
[    0.017503] ACPI: Early table checksum verification disabled
[    0.017704] ACPI: RSDP 0x00000000000F59D0 000014 (v00 BOCHS )
[    0.017885] ACPI: RSDT 0x0000000005FE1B33 000034 (v01 BOCHS  BXPC     00000001 BXPC 00000001)
[    0.018206] ACPI: FACP 0x0000000005FE19DF 000074 (v01 BOCHS  BXPC     00000001 BXPC 00000001)
[    0.018606] ACPI: DSDT 0x0000000005FE0040 00199F (v01 BOCHS  BXPC     00000001 BXPC 00000001)
[    0.018665] ACPI: FACS 0x0000000005FE0000 000040
[    0.018692] ACPI: APIC 0x0000000005FE1A53 000080 (v01 BOCHS  BXPC     00000001 BXPC 00000001)
[    0.018703] ACPI: HPET 0x0000000005FE1AD3 000038 (v01 BOCHS  BXPC     00000001 BXPC 00000001)
[    0.018713] ACPI: WAET 0x0000000005FE1B0B 000028 (v01 BOCHS  BXPC     00000001 BXPC 00000001)
[    0.018758] ACPI: Reserving FACP table memory at [mem 0x5fe19df-0x5fe1a52]
[    0.018770] ACPI: Reserving DSDT table memory at [mem 0x5fe0040-0x5fe19de]
[    0.018773] ACPI: Reserving FACS table memory at [mem 0x5fe0000-0x5fe003f]
[    0.018789] ACPI: Reserving APIC table memory at [mem 0x5fe1a53-0x5fe1ad2]
[    0.018792] ACPI: Reserving HPET table memory at [mem 0x5fe1ad3-0x5fe1b0a]
[    0.018795] ACPI: Reserving WAET table memory at [mem 0x5fe1b0b-0x5fe1b32]
[    0.020747] No NUMA configuration found
[    0.020760] Faking a node at [mem 0x0000000000000000-0x0000000005fdffff]
[    0.021098] NODE_DATA(0) allocated [mem 0x059bf000-0x059c2fff]
[    0.022196] Zone ranges:
[    0.022209]   DMA      [mem 0x0000000000001000-0x0000000000ffffff]
[    0.022249]   DMA32    [mem 0x0000000001000000-0x0000000005fdffff]
[    0.022254]   Normal   empty
[    0.022266] Movable zone start for each node
[    0.022280] Early memory node ranges
[    0.022297]   node   0: [mem 0x0000000000001000-0x000000000009efff]
[    0.022388]   node   0: [mem 0x0000000000100000-0x0000000005fdffff]
[    0.022514] Initmem setup node 0 [mem 0x0000000000001000-0x0000000005fdffff]
[    0.024019] On node 0, zone DMA: 1 pages in unavailable ranges
[    0.024164] On node 0, zone DMA: 97 pages in unavailable ranges
[    0.025044] On node 0, zone DMA32: 8224 pages in unavailable ranges
[    0.025345] ACPI: PM-Timer IO Port: 0x608
[    0.025741] ACPI: LAPIC_NMI (acpi_id[0xff] dfl dfl lint[0x1])
[    0.026009] IOAPIC[0]: apic_id 0, version 32, address 0xfec00000, GSI 0-23
[    0.026081] ACPI: INT_SRC_OVR (bus 0 bus_irq 0 global_irq 2 dfl dfl)
[    0.026233] ACPI: INT_SRC_OVR (bus 0 bus_irq 5 global_irq 5 high level)
[    0.026271] ACPI: INT_SRC_OVR (bus 0 bus_irq 9 global_irq 9 high level)
[    0.026318] ACPI: INT_SRC_OVR (bus 0 bus_irq 10 global_irq 10 high level)
[    0.026322] ACPI: INT_SRC_OVR (bus 0 bus_irq 11 global_irq 11 high level)
[    0.026432] ACPI: Using ACPI (MADT) for SMP configuration information
[    0.026455] ACPI: HPET id: 0x8086a201 base: 0xfed00000
[    0.026615] smpboot: Allowing 2 CPUs, 0 hotplug CPUs
[    0.027094] PM: hibernation: Registered nosave memory: [mem 0x00000000-0x00000fff]
[    0.027118] PM: hibernation: Registered nosave memory: [mem 0x0009f000-0x0009ffff]
[    0.027132] PM: hibernation: Registered nosave memory: [mem 0x000a0000-0x000effff]
[    0.027135] PM: hibernation: Registered nosave memory: [mem 0x000f0000-0x000fffff]
[    0.027203] [mem 0x06000000-0xfffbffff] available for PCI devices
[    0.027217] Booting paravirtualized kernel on bare hardware
[    0.027378] clocksource: refined-jiffies: mask: 0xffffffff max_cycles: 0xffffffff, max_idle_ns: 1910969940391419 ns
[    0.031599] setup_percpu: NR_CPUS:64 nr_cpumask_bits:2 nr_cpu_ids:2 nr_node_ids:1
[    0.033221] percpu: Embedded 54 pages/cpu s181416 r8192 d31576 u1048576
[    0.034455] Kernel command line: console=ttyS0 slub_debug=FZUP
[    0.035422] Dentry cache hash table entries: 16384 (order: 5, 131072 bytes, linear)
[    0.035494] Inode-cache hash table entries: 8192 (order: 4, 65536 bytes, linear)
[    0.036996] Fallback order for Node 0: 0
[    0.037297] Built 1 zonelists, mobility grouping on.  Total pages: 23904
[    0.037312] Policy zone: DMA32
[    0.037465] mem auto-init: stack:off, heap alloc:off, heap free:off
[    0.037487] stackdepot: allocating hash table via alloc_large_system_hash
[    0.037536] stackdepot hash table entries: 8192 (order: 4, 65536 bytes, linear)
[    0.040951] Memory: 65228K/97784K available (10240K kernel code, 1996K rwdata, 2932K rodata, 1224K init, 1780K bss, 32296K reserved, 0K cma-rese)
[    0.040984] **********************************************************
[    0.040989] **   NOTICE NOTICE NOTICE NOTICE NOTICE NOTICE NOTICE   **
[    0.040993] **                                                      **
[    0.040997] ** This system shows unhashed kernel memory addresses   **
[    0.041001] ** via the console, logs, and other interfaces. This    **
[    0.041005] ** might reduce the security of your system.            **
[    0.041008] **                                                      **
[    0.041012] ** If you see this message and you are not debugging    **
[    0.041016] ** the kernel, report this immediately to your system   **
[    0.041019] ** administrator!                                       **
[    0.041023] **                                                      **
[    0.041027] **   NOTICE NOTICE NOTICE NOTICE NOTICE NOTICE NOTICE   **
[    0.041031] **********************************************************
[    0.044720] SLUB: HWalign=64, Order=0-3, MinObjects=0, CPUs=2, Nodes=1
[    0.051471] Dynamic Preempt: voluntary
[    0.054983] rcu: Preemptible hierarchical RCU implementation.
[    0.054991] rcu:     RCU event tracing is enabled.
[    0.055004] rcu:     RCU restricting CPUs from NR_CPUS=64 to nr_cpu_ids=2.
[    0.055070]  Trampoline variant of Tasks RCU enabled.
[    0.055121] rcu: RCU calculated value of scheduler-enlistment delay is 100 jiffies.
[    0.055136] rcu: Adjusting geometry for rcu_fanout_leaf=16, nr_cpu_ids=2
[    0.075289] NR_IRQS: 4352, nr_irqs: 440, preallocated irqs: 16
[    0.080965] rcu: srcu_init: Setting srcu_struct sizes based on contention.
[    0.084266] Console: colour VGA+ 80x25
[    0.085239] printk: console [ttyS0] enabled
[    0.124059] ACPI: Core revision 20230628
[    0.128916] clocksource: hpet: mask: 0xffffffff max_cycles: 0xffffffff, max_idle_ns: 19112604467 ns
[    0.133182] APIC: Switch to symmetric I/O mode setup
[    0.137288] ..TIMER: vector=0x30 apic1=0 pin1=2 apic2=-1 pin2=-1
[    0.143450] tsc: Marking TSC unstable due to TSCs unsynchronized
[    0.144422] Calibrating delay loop (skipped), value calculated using timer frequency.. 7060.27 BogoMIPS (lpj=3530139)
[    0.148367] process: using AMD E400 aware idle routine
[    0.148777] Last level iTLB entries: 4KB 512, 2MB 255, 4MB 127
[    0.149051] Last level dTLB entries: 4KB 512, 2MB 255, 4MB 127, 1GB 0
[    0.149705] Spectre V1 : Mitigation: usercopy/swapgs barriers and __user pointer sanitization
[    0.150112] Spectre V2 : Kernel not compiled with retpoline; no mitigation available!
[    0.150128] Spectre V2 : Vulnerable
[    0.151053] Spectre V2 : Spectre v2 / SpectreRSB mitigation: Filling RSB on context switch
[    0.153481] x86/fpu: x87 FPU will use FXSAVE
[    0.174834] Freeing SMP alternatives memory: 28K
[    0.175206] pid_max: default: 32768 minimum: 301
[    0.181348] LSM: initializing lsm=capability,integrity
[    0.185661] Mount-cache hash table entries: 512 (order: 0, 4096 bytes, linear)
[    0.186109] Mountpoint-cache hash table entries: 512 (order: 0, 4096 bytes, linear)
[    0.309962] smpboot: CPU0: AMD QEMU Virtual CPU version 2.5+ (family: 0xf, model: 0x6b, stepping: 0x1)
[    0.316078] RCU Tasks: Setting shift to 1 and lim to 1 rcu_task_cb_adjust=1.
[    0.316655] Performance Events: PMU not available due to virtualization, using software events only.
[    0.318227] signal: max sigframe size: 1040
[    0.319379] rcu: Hierarchical SRCU implementation.
[    0.319646] rcu:     Max phase no-delay instances is 400.
[    0.326765] smp: Bringing up secondary CPUs ...
[    0.331535] smpboot: x86: Booting SMP configuration:
[    0.331768] .... node  #0, CPUs:      #1
[    0.399612] smp: Brought up 1 node, 2 CPUs
[    0.400093] smpboot: Max logical packages: 1
[    0.401166] smpboot: Total of 2 processors activated (14126.68 BogoMIPS)
[    0.411661] devtmpfs: initialized
[    0.422621] clocksource: jiffies: mask: 0xffffffff max_cycles: 0xffffffff, max_idle_ns: 1911260446275000 ns
[    0.423556] futex hash table entries: 512 (order: 3, 32768 bytes, linear)
[    0.426509] PM: RTC time: 06:09:57, date: 2026-09-18
[    0.431864] NET: Registered PF_NETLINK/PF_ROUTE protocol family
[    0.435757] audit: initializing netlink subsys (disabled)
[    0.437254] audit: type=2000 audit(1789711797.304:1): state=initialized audit_enabled=0 res=1
[    0.440878] thermal_sys: Registered thermal governor 'step_wise'
[    0.440911] thermal_sys: Registered thermal governor 'user_space'
[    0.442301] cpuidle: using governor menu
[    0.447965] PCI: Using configuration type 1 for base access
[    0.450705] mtrr: your CPUs had inconsistent fixed MTRR settings
[    0.451080] mtrr: your CPUs had inconsistent variable MTRR settings
[    0.451719] mtrr: your CPUs had inconsistent MTRRdefType settings
[    0.452070] mtrr: probably your BIOS does not setup all CPUs.
[    0.453068] mtrr: corrected configuration.
[    0.454651] kprobes: kprobe jump-optimization is enabled. All kprobes are optimized if possible.
[    0.459415] HugeTLB: registered 2.00 MiB page size, pre-allocated 0 pages
[    0.460084] HugeTLB: 28 KiB vmemmap can be freed for a 2.00 MiB page
[    0.466611] ACPI: Added _OSI(Module Device)
[    0.466867] ACPI: Added _OSI(Processor Device)
[    0.467025] ACPI: Added _OSI(3.0 _SCP Extensions)
[    0.468062] ACPI: Added _OSI(Processor Aggregator Device)
[    0.539730] ACPI: 1 ACPI AML tables successfully acquired and loaded
[    0.552753] ACPI: _OSC evaluation for CPUs failed, trying _PDC
[    0.561077] ACPI: Interpreter enabled
[    0.562426] ACPI: PM: (supports S0 S3 S4 S5)
[    0.563096] ACPI: Using IOAPIC for interrupt routing
[    0.564648] PCI: Using host bridge windows from ACPI; if necessary, use "pci=nocrs" and report a bug
[    0.565095] PCI: Using E820 reservations for host bridge windows
[    0.569853] ACPI: Enabled 2 GPEs in block 00 to 0F
[    0.679998] ACPI: PCI Root Bridge [PCI0] (domain 0000 [bus 00-ff])
[    0.680681] acpi PNP0A03:00: _OSC: OS supports [ASPM ClockPM Segments MSI HPX-Type3]
[    0.681161] acpi PNP0A03:00: _OSC: not requesting OS control; OS requires [ExtendedConfig ASPM ClockPM MSI]
[    0.683777] acpi PNP0A03:00: fail to add MMCONFIG information, can't access extended configuration space under this bridge
[    0.687178] PCI host bridge to bus 0000:00
[    0.687672] pci_bus 0000:00: root bus resource [io  0x0000-0x0cf7 window]
[    0.688120] pci_bus 0000:00: root bus resource [io  0x0d00-0xffff window]
[    0.690077] pci_bus 0000:00: root bus resource [mem 0x000a0000-0x000bffff window]
[    0.690078] pci_bus 0000:00: root bus resource [mem 0x06000000-0xfebfffff window]
[    0.690666] pci_bus 0000:00: root bus resource [mem 0x100000000-0x17fffffff window]
[    0.691196] pci_bus 0000:00: root bus resource [bus 00-ff]
[    0.693360] pci 0000:00:00.0: [8086:1237] type 00 class 0x060000
[    0.718882] pci 0000:00:01.0: [8086:7000] type 00 class 0x060100
[    0.742083] pci 0000:00:01.1: [8086:7010] type 00 class 0x010180
[    0.742150] pci 0000:00:01.1: reg 0x20: [io  0xc040-0xc04f]
[    0.745094] pci 0000:00:01.1: legacy IDE quirk: reg 0x10: [io  0x01f0-0x01f7]
[    0.745094] pci 0000:00:01.1: legacy IDE quirk: reg 0x14: [io  0x03f6]
[    0.745496] pci 0000:00:01.1: legacy IDE quirk: reg 0x18: [io  0x0170-0x0177]
[    0.746085] pci 0000:00:01.1: legacy IDE quirk: reg 0x1c: [io  0x0376]
[    0.747833] pci 0000:00:01.3: [8086:7113] type 00 class 0x068000
[    0.748441] pci 0000:00:01.3: quirk: [io  0x0600-0x063f] claimed by PIIX4 ACPI
[    0.749137] pci 0000:00:01.3: quirk: [io  0x0700-0x070f] claimed by PIIX4 SMB
[    0.751444] pci 0000:00:02.0: [1234:1111] type 00 class 0x030000
[    0.752683] pci 0000:00:02.0: reg 0x10: [mem 0xfd000000-0xfdffffff pref]
[    0.753946] pci 0000:00:02.0: reg 0x18: [mem 0xfebf0000-0xfebf0fff]
[    0.757687] pci 0000:00:02.0: reg 0x30: [mem 0xfebe0000-0xfebeffff pref]
[    0.759447] pci 0000:00:02.0: Video device with shadowed ROM at [mem 0x000c0000-0x000dffff]
[    0.783994] pci 0000:00:03.0: [8086:100e] type 00 class 0x020000
[    0.784916] pci 0000:00:03.0: reg 0x10: [mem 0xfebc0000-0xfebdffff]
[    0.786892] pci 0000:00:03.0: reg 0x14: [io  0xc000-0xc03f]
[    0.788042] pci 0000:00:03.0: reg 0x30: [mem 0xfeb80000-0xfebbffff pref]
[    0.822288] ACPI: PCI: Interrupt link LNKA configured for IRQ 10
[    0.825977] ACPI: PCI: Interrupt link LNKB configured for IRQ 10
[    0.829013] ACPI: PCI: Interrupt link LNKC configured for IRQ 11
[    0.832126] ACPI: PCI: Interrupt link LNKD configured for IRQ 11
[    0.833712] ACPI: PCI: Interrupt link LNKS configured for IRQ 9
[    0.842134] iommu: Default domain type: Translated
[    0.842424] iommu: DMA domain TLB invalidation policy: lazy mode
[    0.845057] pps_core: LinuxPPS API ver. 1 registered
[    0.845426] pps_core: Software ver. 5.3.6 - Copyright 2005-2007 Rodolfo Giometti <giometti@linux.it>
[    0.846193] PTP clock support registered
[    0.854451] NetLabel: Initializing
[    0.854697] NetLabel:  domain hash size = 128
[    0.854923] NetLabel:  protocols = UNLABELED CIPSOv4 CALIPSO
[    0.856468] NetLabel:  unlabeled traffic allowed by default
[    0.857091] PCI: Using ACPI for IRQ routing
[    0.860898] pci 0000:00:02.0: vgaarb: setting as boot VGA device
[    0.860951] pci 0000:00:02.0: vgaarb: bridge control possible
[    0.861042] pci 0000:00:02.0: vgaarb: VGA device added: decodes=io+mem,owns=io+mem,locks=none
[    0.863092] vgaarb: loaded
[    0.864262] hpet: 3 channels of 0 reserved for per-cpu timers
[    0.864749] hpet0: at MMIO 0xfed00000, IRQs 2, 8, 0
[    0.865049] hpet0: 3 comparators, 64-bit 100.000000 MHz counter
[    0.869654] clocksource: Switched to clocksource hpet
[    0.874357] VFS: Disk quotas dquot_6.6.0
[    0.874685] VFS: Dquot-cache hash table entries: 512 (order 0, 4096 bytes)
[    0.877593] pnp: PnP ACPI init
[    0.891050] pnp: PnP ACPI: found 6 devices
[    0.929203] clocksource: acpi_pm: mask: 0xffffff max_cycles: 0xffffff, max_idle_ns: 2085701024 ns
[    0.930992] NET: Registered PF_INET protocol family
[    0.932331] IP idents hash table entries: 2048 (order: 2, 16384 bytes, linear)
[    0.939965] tcp_listen_portaddr_hash hash table entries: 256 (order: 0, 4096 bytes, linear)
[    0.940535] Table-perturb hash table entries: 65536 (order: 6, 262144 bytes, linear)
[    0.941562] TCP established hash table entries: 1024 (order: 1, 8192 bytes, linear)
[    0.942307] TCP bind hash table entries: 1024 (order: 3, 32768 bytes, linear)
[    0.943078] TCP: Hash tables configured (established 1024 bind 1024)
[    0.944397] UDP hash table entries: 256 (order: 1, 8192 bytes, linear)
[    0.944967] UDP-Lite hash table entries: 256 (order: 1, 8192 bytes, linear)
[    0.946742] NET: Registered PF_UNIX/PF_LOCAL protocol family
[    0.948271] pci_bus 0000:00: resource 4 [io  0x0000-0x0cf7 window]
[    0.949300] pci_bus 0000:00: resource 5 [io  0x0d00-0xffff window]
[    0.949737] pci_bus 0000:00: resource 6 [mem 0x000a0000-0x000bffff window]
[    0.950497] pci_bus 0000:00: resource 7 [mem 0x06000000-0xfebfffff window]
[    0.951147] pci_bus 0000:00: resource 8 [mem 0x100000000-0x17fffffff window]
[    0.952671] pci 0000:00:01.0: PIIX3: Enabling Passive Release
[    0.953483] pci 0000:00:00.0: Limiting direct PCI/PCI transfers
[    0.954371] PCI: CLS 0 bytes, default 64
[    0.959001] Unpacking initramfs...
[    1.033812] Initialise system trusted keyrings
[    1.036123] workingset: timestamp_bits=56 max_order=14 bucket_order=0
[    1.083938] Key type asymmetric registered
[    1.084174] Asymmetric key parser 'x509' registered
[    1.084945] io scheduler mq-deadline registered
[    1.085240] io scheduler kyber registered
[    1.088960] input: Power Button as /devices/LNXSYSTM:00/LNXPWRBN:00/input/input0
[    1.093124] ACPI: button: Power Button [PWRF]
[    1.098345] Serial: 8250/16550 driver, 4 ports, IRQ sharing enabled
[    1.103411] 00:04: ttyS0 at I/O 0x3f8 (irq = 4, base_baud = 115200) is a 16550A
[    1.113517] Non-volatile memory driver v1.3
[    1.213662] loop: module loaded
[    1.219469] e100: Intel(R) PRO/100 Network Driver
[    1.219822] e100: Copyright(c) 1999-2006 Intel Corporation
[    1.220723] e1000: Intel(R) PRO/1000 Network Driver
[    1.221125] e1000: Copyright (c) 1999-2006 Intel Corporation.
[    2.592330] Freeing initrd memory: 6260K
[    3.514747] ACPI: \_SB_.LNKC: Enabled at IRQ 11
[    3.801549] e1000 0000:00:03.0 eth0: (PCI:33MHz:32-bit) 52:54:00:12:34:56
[    3.802278] e1000 0000:00:03.0 eth0: Intel(R) PRO/1000 Network Connection
[    3.803244] e1000e: Intel(R) PRO/1000 Network Driver
[    3.803504] e1000e: Copyright(c) 1999 - 2015 Intel Corporation.
[    3.804468] rtc_cmos 00:05: RTC can wake from S4
[    3.808684] rtc_cmos 00:05: registered as rtc0
[    3.809692] rtc_cmos 00:05: alarms up to one day, y3k, 242 bytes nvram, hpet irqs
[    3.810900] fail to initialize ptp_kvm
[    3.811262] hid: raw HID events driver (C) Jiri Kosina
[    3.817037] Initializing XFRM netlink socket
[    3.817729] NET: Registered PF_INET6 protocol family
[    3.825631] Segment Routing with IPv6
[    3.826111] In-situ OAM (IOAM) with IPv6
[    3.827566] sit: IPv6, IPv4 and MPLS over IPv4 tunneling driver
[    3.832092] NET: Registered PF_PACKET protocol family
[    3.832693] Key type dns_resolver registered
[    3.835802] IPI shorthand broadcast: enabled
[    3.873134] registered taskstats version 1
[    3.873490] Loading compiled-in X.509 certificates
[    3.928040] PM:   Magic number: 10:621:165
[    3.928793] printk: console [netcon0] enabled
[    3.929386] netconsole: network logging started
[    3.932355] Unstable clock detected, switching default tracing clock to "global"
[    3.932355] If you want to keep using the local clock, then add:
[    3.932355]   "trace_clock=local"
[    3.932355] on the kernel command line
[    3.999027] Freeing unused kernel image (initmem) memory: 1224K
[    3.999651] Write protecting the kernel read-only data: 14336k
[    4.001510] Freeing unused kernel image (rodata/data gap) memory: 1164K
[    4.072291] x86/mm: Checked W+X mappings: passed, no W+X pages found.
[    4.072818] Run /init as init process
[    4.147549] chown (39) used greatest stack depth: 13616 bytes left
[    4.209299] ip (47) used greatest stack depth: 13280 bytes left
udhcpc: started, v1.36.1
udhcpc: broadcasting discover
[    6.248701] e1000: eth0 NIC Link is Up 1000 Mbps Full Duplex, Flow Control: RX
udhcpc: broadcasting discover
udhcpc: broadcasting select for 192.168.76.101, server 192.168.76.2
udhcpc: lease of 192.168.76.101 obtained from 192.168.76.2, lease time 86400
deleting routers
route: SIOCDELRT: No such process
adding dns 192.168.76.3

linux login: root
login[59]: root login on 'ttyS0'
~ # cd modules/
/modules # insmod cryptomod.ko
[   16.033473] cryptomod: loading out-of-tree module taints kernel.
/modules # ./multi_test
[pid 64] Device opened successfully.
[pid 65] Device opened successfully.
[pid 63] Device opened successfully.
[pid 63] Encryption setup done.
[pid 65] Encryption setup done.
[pid 65] Plaintext (64 bytes):
[pid 62] Device opened successfully.
[pid 62] Encryption setup done.
[pid 62] Plaintext (64 bytes):
[pid 63] Plaintext (64 bytes):
[pid 64] Encryption setup done.
[pid 64] Plaintext (64 bytes):
[pid 65] Encrypted data (80 bytes):
[pid 65] Decryption setup done.
[pid 64] Encrypted data (80 bytes):
[pid 64] Decryption setup done.
[   23.704630] =============================================================================
[   23.705145] BUG kmalloc-4k (Tainted: G           O      ): Slab has 0 allocated objects but 1 are to be freed
[   23.705145]
[   23.705145] -----------------------------------------------------------------------------
[   23.705145]
[   23.705145] Slab 0xffffd05d0008cc00 objects=2 used=0 fp=0xffff8e5082331000 flags=0x100000000000840(slab|head|node=0|zone=1)
[   23.705145] CPU: 0 PID: 65 Comm: multi_test Tainted: G           O       6.6.17 #1
[   23.705145] Hardware name: QEMU Standard PC (i440FX + PIIX, 1996), BIOS 1.16.2-debian-1.16.2-1 04/01/2014
[   23.705145] Call Trace:
[   23.705145]  <TASK>
[   23.705145]  dump_stack_lvl+0x36/0x50
[   23.705145]  slab_err+0xab/0xe0
[   23.705145]  ? __x64_sys_ioctl+0x1a3/0x950
[   23.705145]  ? do_syscall_64+0x38/0x80
[   23.705145]  ? entry_SYSCALL_64_after_hwframe+0x46/0xb0
[   23.705145]  free_to_partial_list+0x45b/0x560
[   23.705145]  ? test_skcipher.isra.0+0x118/0x1b0 [cryptomod]
[   23.705145]  test_skcipher.isra.0+0x118/0x1b0 [cryptomod]
[   23.705145]  cryptomod_dev_ioctl+0x162/0x280 [cryptomod]
[   23.705145]  __x64_sys_ioctl+0x1a3/0x950
[   23.705145]  ? fpregs_assert_state_consistent+0x1d/0x40
[   23.705145]  do_syscall_64+0x38/0x80
[   23.705145]  entry_SYSCALL_64_after_hwframe+0x46/0xb0
[   23.705145] RIP: 0033:0x43b49b
[   23.705145] Code: 00 48 89 44 24 18 31 c0 48 8d 44 24 60 c7 04 24 10 00 00 00 48 89 44 24 08 48 8d 44 24 20 48 89 44 24 10 b8 10 00 00 00 0f 05 0
[   23.705145] RSP: 002b:00007fffc5959260 EFLAGS: 00000246 ORIG_RAX: 0000000000000010
[   23.705145] RAX: ffffffffffffffda RBX: 00007fffc5959698 RCX: 000000000043b49b
[   23.705145] RDX: 0000000000000050 RSI: 0000000000006b02 RDI: 0000000000000003
[   23.705145] RBP: 00007fffc59594a0 R08: 0000000000000007 R09: 00007fffc5959196
[   23.705145] R10: 0000000000000000 R11: 0000000000000246 R12: 00007fffc5959688
[   23.705145] R13: 0000000000000001 R14: 0000000000000001 R15: 0000000000000001
[   23.705145]  </TASK>
[   23.705145] Disabling lock debugging due to kernel taint
[   23.705145] FIX kmalloc-4k: Object at 0xffff8e5082334000 not freed
[   23.705018] =============================================================================
[   23.705018] BUG kmalloc-4k (Tainted: G    B      O      ): Slab has 0 allocated objects but 1 are to be freed
[   23.705018]
[   23.705018] -----------------------------------------------------------------------------
[   23.705018]
[   23.705018] Slab 0xffffd05d0008d000 objects=2 used=0 fp=0xffff8e5082341000 flags=0x100000000000840(slab|head|node=0|zone=1)
[   23.705018] CPU: 1 PID: 64 Comm: multi_test Tainted: G    B      O       6.6.17 #1
[   23.705018] Hardware name: QEMU Standard PC (i440FX + PIIX, 1996), BIOS 1.16.2-debian-1.16.2-1 04/01/2014
[   23.705018] Call Trace:
[   23.705018]  <TASK>
[   23.705018]  dump_stack_lvl+0x36/0x50
[   23.705018]  slab_err+0xab/0xe0
[   23.705018]  ? __x64_sys_ioctl+0x1a3/0x950
[   23.739201]  ? do_syscall_64+0x38/0x80
[   23.739201]  ? entry_SYSCALL_64_after_hwframe+0x46/0xb0
[   23.739201]  free_to_partial_list+0x45b/0x560
[   23.739201]  ? test_skcipher.isra.0+0x118/0x1b0 [cryptomod]
[   23.739201]  test_skcipher.isra.0+0x118/0x1b0 [cryptomod]
[   23.739201]  cryptomod_dev_ioctl+0x162/0x280 [cryptomod]
[   23.739201]  __x64_sys_ioctl+0x1a3/0x950
[   23.739201]  ? fpregs_assert_state_consistent+0x1d/0x40
[   23.739201]  do_syscall_64+0x38/0x80
[   23.739201]  entry_SYSCALL_64_after_hwframe+0x46/0xb0
[   23.739201] RIP: 0033:0x43b49b
[   23.739201] Code: 00 48 89 44 24 18 31 c0 48 8d 44 24 60 c7 04 24 10 00 00 00 48 89 44 24 08 48 8d 44 24 20 48 89 44 24 10 b8 10 00 00 00 0f 05 0
[   23.739201] RSP: 002b:00007fffc5959260 EFLAGS: 00000246 ORIG_RAX: 0000000000000010
[   23.739201] RAX: ffffffffffffffda RBX: 00007fffc5959698 RCX: 000000000043b49b
[   23.739201] RDX: 0000000000000050 RSI: 0000000000006b02 RDI: 0000000000000003
[   23.739201] RBP: 00007fffc59594a0 R08: 0000000000000007 R09: 00007fffc5959196
[   23.739201] R10: 0000000000000000 R11: 0000000000000246 R12: 00007fffc5959688
[   23.739201] R13: 0000000000000001 R14: 0000000000000001 R15: 0000000000000001
[   23.739201]  </TASK>
[   23.739201] FIX kmalloc-4k: Object at 0xffff8e5082341000 not freed
[   23.741899] =============================================================================
[   23.752783] BUG kmalloc-4k (Tainted: G    B      O      ): Slab has 0 allocated objects but 1 are to be freed
[   23.752783]
[   23.752783] -----------------------------------------------------------------------------
[   23.752783]
[   23.752783] Slab 0xffffd05d0008cc00 objects=2 used=0 fp=0xffff8e5082331000 flags=0x100000000000840(slab|head|node=0|zone=1)
[   23.752783] CPU: 0 PID: 63 Comm: multi_test Tainted: G    B      O       6.6.17 #1
[pid 63] Encrypt[   23.752783] Hardware name: QEMU Standard PC (i440FX + PIIX, 1996), BIOS 1.16.2-debian-1.16.2-1 04/01/2014
ed data (80 bytes):
[pid 63] Decryption setup done.
[pid 62] Encrypted data (80 bytes):[   23.752783] Call Trace:
[   23.752783]  <TASK>
[   23.752783]  dump_stack_lvl+0x36/0x50
[   23.752783]  slab_err+0xab/0xe0
[   23.752783]  ? __x64_sys_ioctl+0x1a3/0x950
[   23.752783]  ? do_syscall_64+0x38/0x80
[   23.752783]  ? entry_SYSCALL_64_after_hwframe+0x46/0xb0
[   23.752783]  free_to_partial_list+0x45b/0x560
[   23.752783]  ? test_skcipher.isra.0+0x118/0x1b0 [cryptomod]

[   23.752783]  test_skcipher.isra.0+0x118/0x1b0 [cryptomod]
[pid 62] Decryption setup done.[   23.752783]  cryptomod_dev_ioctl+0x162/0x280 [cryptomod]
[   23.752783]  __x64_sys_ioctl+0x1a3/0x950

[   23.752783]  ? fpregs_assert_state_consistent+0x1d/0x40
[   23.752783]  do_syscall_64+0x38/0x80
[   23.752783]  entry_SYSCALL_64_after_hwframe+0x46/0xb0
[   23.752783] RIP: 0033:0x43b49b
[   23.752783] Code: 00 48 89 44 24 18 31 c0 48 8d 44 24 60 c7 04 24 10 00 00 00 48 89 44 24 08 48 8d 44 24 20 48 89 44 24 10 b8 10 00 00 00 0f 05 0
[   23.752783] RSP: 002b:00007fffc5959260 EFLAGS: 00000246 ORIG_RAX: 0000000000000010
[   23.752783] RAX: ffffffffffffffda RBX: 00007fffc5959698 RCX: 000000000043b49b
[   23.752783] RDX: 0000000000000050 RSI: 0000000000006b02 RDI: 0000000000000003
[   23.752783] RBP: 00007fffc59594a0 R08: 0000000000000007 R09: 00007fffc5959196
[   23.752783] R10: 0000000000000000 R11: 0000000000000246 R12: 00007fffc5959688
[   23.752783] R13: 0000000000000001 R14: 0000000000000001 R15: 0000000000000001
[   23.752783]  </TASK>
[   23.752783] FIX kmalloc-4k: Object at 0xffff8e5082331000 not freed
[   23.767192] =============================================================================
[   23.767192] BUG kmalloc-4k (Tainted: G    B      O      ): Object already free
[   23.767192] -----------------------------------------------------------------------------
[   23.767192]
[   23.767192] Allocated in cryptomod_dev_open+0x3d/0x80 [cryptomod] age=80 cpu=1 pid=62
[   23.767192]  __kmem_cache_alloc_node+0x1a8/0x1c0
[   23.767192]  kmalloc_trace+0x25/0x90
[   23.767192]  cryptomod_dev_open+0x3d/0x80 [cryptomod]
[   23.767192]  chrdev_open+0xc4/0x220
[   23.767192]  do_dentry_open+0x1f7/0x4f0
[   23.767192]  path_openat+0xc55/0x1080
[   23.767192]  do_filp_open+0xb3/0x160
[   23.767192]  do_sys_openat2+0x88/0xc0
[   23.767192]  __x64_sys_openat+0x69/0x90
[   23.767192]  do_syscall_64+0x38/0x80
[   23.767192]  entry_SYSCALL_64_after_hwframe+0x46/0xb0
[   23.767192] Freed in test_skcipher.isra.0+0x118/0x1b0 [cryptomod] age=65 cpu=1 pid=62
[   23.767192]  cryptomod_dev_read+0x193/0x200 [cryptomod]
[   23.767192]  vfs_read+0xa7/0x2e0
[   23.767192]  ksys_read+0x62/0xe0
[   23.767192]  do_syscall_64+0x38/0x80
[   23.767192]  entry_SYSCALL_64_after_hwframe+0x46/0xb0
[   23.767192] Slab 0xffffd05d0007e000 objects=2 used=1 fp=0xffff8e5081f84000 flags=0x100000000000840(slab|head|node=0|zone=1)
[   23.767192] Object 0xffff8e5081f84000 @offset=16384 fp=0x0000000000000000
[   23.767192]
[   23.767192] Redzone  ffff8e5081f83000: bb bb bb bb bb bb bb bb bb bb bb bb bb bb bb bb  ................
[   23.767192] Redzone  ffff8e5081f83010: bb bb bb bb bb bb bb bb bb bb bb bb bb bb bb bb  ................
[   23.767192] Redzone  ffff8e5081f83020: bb bb bb bb bb bb bb bb bb bb bb bb bb bb bb bb  ................
[   23.767192] Redzone  ffff8e5081f83030: bb bb bb bb bb bb bb bb bb bb bb bb bb bb bb bb  ................
[   23.767192] Redzone  ffff8e5081f83040: bb bb bb bb bb bb bb bb bb bb bb bb bb bb bb bb  ................
[   23.767192] Redzone  ffff8e5081f83050: bb bb bb bb bb bb bb bb bb bb bb bb bb bb bb bb  ................
[   23.767192] Redzone  ffff8e5081f83060: bb bb bb bb bb bb bb bb bb bb bb bb bb bb bb bb  ................
[   23.767192] Redzone  ffff8e5081f83070: bb bb bb bb bb bb bb bb bb bb bb bb bb bb bb bb  ................
[   23.767192] Redzone  ffff8e5081f83080: bb bb bb bb bb bb bb bb bb bb bb bb bb bb bb bb  ................
[   23.767192] Redzone  ffff8e5081f83090: bb bb bb bb bb bb bb bb bb bb bb bb bb bb bb bb  ................
[   23.767192] Redzone  ffff8e5081f830a0: bb bb bb bb bb bb bb bb bb bb bb bb bb bb bb bb  ................
[   23.767192] Redzone  ffff8e5081f830b0: bb bb bb bb bb bb bb bb bb bb bb bb bb bb bb bb  ................
[   23.767192] Redzone  ffff8e5081f830c0: bb bb bb bb bb bb bb bb bb bb bb bb bb bb bb bb  ................
[   23.767192] Redzone  ffff8e5081f830d0: bb bb bb bb bb bb bb bb bb bb bb bb bb bb bb bb  ................
[   23.767192] Redzone  ffff8e5081f830e0: bb bb bb bb bb bb bb bb bb bb bb bb bb bb bb bb  ................
[   23.767192] Redzone  ffff8e5081f830f0: bb bb bb bb bb bb bb bb bb bb bb bb bb bb bb bb  ................
[   23.767192] Redzone  ffff8e5081f83100: bb bb bb bb bb bb bb bb bb bb bb bb bb bb bb bb  ................
[   23.767192] Redzone  ffff8e5081f83110: bb bb bb bb bb bb bb bb bb bb bb bb bb bb bb bb  ................
[   23.767192] Redzone  ffff8e5081f83120: bb bb bb bb bb bb bb bb bb bb bb bb bb bb bb bb  ................
[   23.767192] Redzone  ffff8e5081f83130: bb bb bb bb bb bb bb bb bb bb bb bb bb bb bb bb  ................
[   23.767192] Redzone  ffff8e5081f83140: bb bb bb bb bb bb bb bb bb bb bb bb bb bb bb bb  ................
[   23.767192] Redzone  ffff8e5081f83150: bb bb bb bb bb bb bb bb bb bb bb bb bb bb bb bb  ................
[   23.767192] Redzone  ffff8e5081f83160: bb bb bb bb bb bb bb bb bb bb bb bb bb bb bb bb  ................
[   23.767192] Redzone  ffff8e5081f83170: bb bb bb bb bb bb bb bb bb bb bb bb bb bb bb bb  ................
[   23.767192] Redzone  ffff8e5081f83180: bb bb bb bb bb bb bb bb bb bb bb bb bb bb bb bb  ................
[   23.767192] Redzone  ffff8e5081f83190: bb bb bb bb bb bb bb bb bb bb bb bb bb bb bb bb  ................
[   23.767192] Redzone  ffff8e5081f831a0: bb bb bb bb bb bb bb bb bb bb bb bb bb bb bb bb  ................
[   23.767192] Redzone  ffff8e5081f831b0: bb bb bb bb bb bb bb bb bb bb bb bb bb bb bb bb  ................
[   23.767192] Redzone  ffff8e5081f831c0: bb bb bb bb bb bb bb bb bb bb bb bb bb bb bb bb  ................
[   23.767192] Redzone  ffff8e5081f831d0: bb bb bb bb bb bb bb bb bb bb bb bb bb bb bb bb  ................
[   23.767192] Redzone  ffff8e5081f831e0: bb bb bb bb bb bb bb bb bb bb bb bb bb bb bb bb  ................
[   23.767192] Redzone  ffff8e5081f831f0: bb bb bb bb bb bb bb bb bb bb bb bb bb bb bb bb  ................
[   23.767192] Redzone  ffff8e5081f83200: bb bb bb bb bb bb bb bb bb bb bb bb bb bb bb bb  ................
[   23.767192] Redzone  ffff8e5081f83210: bb bb bb bb bb bb bb bb bb bb bb bb bb bb bb bb  ................
[   23.767192] Redzone  ffff8e5081f83220: bb bb bb bb bb bb bb bb bb bb bb bb bb bb bb bb  ................
[   23.767192] Redzone  ffff8e5081f83230: bb bb bb bb bb bb bb bb bb bb bb bb bb bb bb bb  ................
[   23.767192] Redzone  ffff8e5081f83240: bb bb bb bb bb bb bb bb bb bb bb bb bb bb bb bb  ................
[   23.767192] Redzone  ffff8e5081f83250: bb bb bb bb bb bb bb bb bb bb bb bb bb bb bb bb  ................
[   23.767192] Redzone  ffff8e5081f83260: bb bb bb bb bb bb bb bb bb bb bb bb bb bb bb bb  ................
[   23.767192] Redzone  ffff8e5081f83270: bb bb bb bb bb bb bb bb bb bb bb bb bb bb bb bb  ................
[   23.767192] Redzone  ffff8e5081f83280: bb bb bb bb bb bb bb bb bb bb bb bb bb bb bb bb  ................
[   23.767192] Redzone  ffff8e5081f83290: bb bb bb bb bb bb bb bb bb bb bb bb bb bb bb bb  ................
[   23.767192] Redzone  ffff8e5081f832a0: bb bb bb bb bb bb bb bb bb bb bb bb bb bb bb bb  ................
[   23.767192] Redzone  ffff8e5081f832b0: bb bb bb bb bb bb bb bb bb bb bb bb bb bb bb bb  ................
[   23.767192] Redzone  ffff8e5081f832c0: bb bb bb bb bb bb bb bb bb bb bb bb bb bb bb bb  ................
[   23.767192] Redzone  ffff8e5081f832d0: bb bb bb bb bb bb bb bb bb bb bb bb bb bb bb bb  ................
[   23.767192] Redzone  ffff8e5081f832e0: bb bb bb bb bb bb bb bb bb bb bb bb bb bb bb bb  ................
[   23.767192] Redzone  ffff8e5081f832f0: bb bb bb bb bb bb bb bb bb bb bb bb bb bb bb bb  ................
[   23.767192] Redzone  ffff8e5081f83300: bb bb bb bb bb bb bb bb bb bb bb bb bb bb bb bb  ................
[   23.767192] Redzone  ffff8e5081f83310: bb bb bb bb bb bb bb bb bb bb bb bb bb bb bb bb  ................
[   23.767192] Redzone  ffff8e5081f83320: bb bb bb bb bb bb bb bb bb bb bb bb bb bb bb bb  ................
[   23.767192] Redzone  ffff8e5081f83330: bb bb bb bb bb bb bb bb bb bb bb bb bb bb bb bb  ................
[   23.767192] Redzone  ffff8e5081f83340: bb bb bb bb bb bb bb bb bb bb bb bb bb bb bb bb  ................
[   23.767192] Redzone  ffff8e5081f83350: bb bb bb bb bb bb bb bb bb bb bb bb bb bb bb bb  ................
[   23.767192] Redzone  ffff8e5081f83360: bb bb bb bb bb bb bb bb bb bb bb bb bb bb bb bb  ................
[   23.767192] Redzone  ffff8e5081f83370: bb bb bb bb bb bb bb bb bb bb bb bb bb bb bb bb  ................
[   23.767192] Redzone  ffff8e5081f83380: bb bb bb bb bb bb bb bb bb bb bb bb bb bb bb bb  ................
[   23.767192] Redzone  ffff8e5081f83390: bb bb bb bb bb bb bb bb bb bb bb bb bb bb bb bb  ................
[   23.767192] Redzone  ffff8e5081f833a0: bb bb bb bb bb bb bb bb bb bb bb bb bb bb bb bb  ................
[   23.767192] Redzone  ffff8e5081f833b0: bb bb bb bb bb bb bb bb bb bb bb bb bb bb bb bb  ................
[   23.767192] Redzone  ffff8e5081f833c0: bb bb bb bb bb bb bb bb bb bb bb bb bb bb bb bb  ................
[   23.767192] Redzone  ffff8e5081f833d0: bb bb bb bb bb bb bb bb bb bb bb bb bb bb bb bb  ................
[   23.767192] Redzone  ffff8e5081f833e0: bb bb bb bb bb bb bb bb bb bb bb bb bb bb bb bb  ................
[   23.767192] Redzone  ffff8e5081f833f0: bb bb bb bb bb bb bb bb bb bb bb bb bb bb bb bb  ................
[   23.767192] Redzone  ffff8e5081f83400: bb bb bb bb bb bb bb bb bb bb bb bb bb bb bb bb  ................
[   23.767192] Redzone  ffff8e5081f83410: bb bb bb bb bb bb bb bb bb bb bb bb bb bb bb bb  ................
[   23.767192] Redzone  ffff8e5081f83420: bb bb bb bb bb bb bb bb bb bb bb bb bb bb bb bb  ................
[   23.767192] Redzone  ffff8e5081f83430: bb bb bb bb bb bb bb bb bb bb bb bb bb bb bb bb  ................
[   23.767192] Redzone  ffff8e5081f83440: bb bb bb bb bb bb bb bb bb bb bb bb bb bb bb bb  ................
[   23.767192] Redzone  ffff8e5081f83450: bb bb bb bb bb bb bb bb bb bb bb bb bb bb bb bb  ................
[   23.767192] Redzone  ffff8e5081f83460: bb bb bb bb bb bb bb bb bb bb bb bb bb bb bb bb  ................
[   23.767192] Redzone  ffff8e5081f83470: bb bb bb bb bb bb bb bb bb bb bb bb bb bb bb bb  ................
[   23.767192] Redzone  ffff8e5081f83480: bb bb bb bb bb bb bb bb bb bb bb bb bb bb bb bb  ................
[   23.767192] Redzone  ffff8e5081f83490: bb bb bb bb bb bb bb bb bb bb bb bb bb bb bb bb  ................
[   23.767192] Redzone  ffff8e5081f834a0: bb bb bb bb bb bb bb bb bb bb bb bb bb bb bb bb  ................
[   23.767192] Redzone  ffff8e5081f834b0: bb bb bb bb bb bb bb bb bb bb bb bb bb bb bb bb  ................
[   23.767192] Redzone  ffff8e5081f834c0: bb bb bb bb bb bb bb bb bb bb bb bb bb bb bb bb  ................
[   23.767192] Redzone  ffff8e5081f834d0: bb bb bb bb bb bb bb bb bb bb bb bb bb bb bb bb  ................
[   23.767192] Redzone  ffff8e5081f834e0: bb bb bb bb bb bb bb bb bb bb bb bb bb bb bb bb  ................
[   23.767192] Redzone  ffff8e5081f834f0: bb bb bb bb bb bb bb bb bb bb bb bb bb bb bb bb  ................
[   23.767192] Redzone  ffff8e5081f83500: bb bb bb bb bb bb bb bb bb bb bb bb bb bb bb bb  ................
[   23.767192] Redzone  ffff8e5081f83510: bb bb bb bb bb bb bb bb bb bb bb bb bb bb bb bb  ................
[   23.767192] Redzone  ffff8e5081f83520: bb bb bb bb bb bb bb bb bb bb bb bb bb bb bb bb  ................
[   23.767192] Redzone  ffff8e5081f83530: bb bb bb bb bb bb bb bb bb bb bb bb bb bb bb bb  ................
[   23.767192] Redzone  ffff8e5081f83540: bb bb bb bb bb bb bb bb bb bb bb bb bb bb bb bb  ................
[   23.767192] Redzone  ffff8e5081f83550: bb bb bb bb bb bb bb bb bb bb bb bb bb bb bb bb  ................
[   23.767192] Redzone  ffff8e5081f83560: bb bb bb bb bb bb bb bb bb bb bb bb bb bb bb bb  ................
[   23.767192] Redzone  ffff8e5081f83570: bb bb bb bb bb bb bb bb bb bb bb bb bb bb bb bb  ................
[   23.767192] Redzone  ffff8e5081f83580: bb bb bb bb bb bb bb bb bb bb bb bb bb bb bb bb  ................
[   23.767192] Redzone  ffff8e5081f83590: bb bb bb bb bb bb bb bb bb bb bb bb bb bb bb bb  ................
[   23.767192] Redzone  ffff8e5081f835a0: bb bb bb bb bb bb bb bb bb bb bb bb bb bb bb bb  ................
[   23.767192] Redzone  ffff8e5081f835b0: bb bb bb bb bb bb bb bb bb bb bb bb bb bb bb bb  ................
[   23.767192] Redzone  ffff8e5081f835c0: bb bb bb bb bb bb bb bb bb bb bb bb bb bb bb bb  ................
[   23.767192] Redzone  ffff8e5081f835d0: bb bb bb bb bb bb bb bb bb bb bb bb bb bb bb bb  ................
[   23.767192] Redzone  ffff8e5081f835e0: bb bb bb bb bb bb bb bb bb bb bb bb bb bb bb bb  ................
[   23.767192] Redzone  ffff8e5081f835f0: bb bb bb bb bb bb bb bb bb bb bb bb bb bb bb bb  ................
[   23.767192] Redzone  ffff8e5081f83600: bb bb bb bb bb bb bb bb bb bb bb bb bb bb bb bb  ................
[   23.767192] Redzone  ffff8e5081f83610: bb bb bb bb bb bb bb bb bb bb bb bb bb bb bb bb  ................
[   23.767192] Redzone  ffff8e5081f83620: bb bb bb bb bb bb bb bb bb bb bb bb bb bb bb bb  ................
[   23.767192] Redzone  ffff8e5081f83630: bb bb bb bb bb bb bb bb bb bb bb bb bb bb bb bb  ................
[   23.767192] Redzone  ffff8e5081f83640: bb bb bb bb bb bb bb bb bb bb bb bb bb bb bb bb  ................
[   23.767192] Redzone  ffff8e5081f83650: bb bb bb bb bb bb bb bb bb bb bb bb bb bb bb bb  ................
[   23.767192] Redzone  ffff8e5081f83660: bb bb bb bb bb bb bb bb bb bb bb bb bb bb bb bb  ................
[   23.767192] Redzone  ffff8e5081f83670: bb bb bb bb bb bb bb bb bb bb bb bb bb bb bb bb  ................
[   23.767192] Redzone  ffff8e5081f83680: bb bb bb bb bb bb bb bb bb bb bb bb bb bb bb bb  ................
[   23.767192] Redzone  ffff8e5081f83690: bb bb bb bb bb bb bb bb bb bb bb bb bb bb bb bb  ................
[   23.767192] Redzone  ffff8e5081f836a0: bb bb bb bb bb bb bb bb bb bb bb bb bb bb bb bb  ................
[   23.767192] Redzone  ffff8e5081f836b0: bb bb bb bb bb bb bb bb bb bb bb bb bb bb bb bb  ................
[   23.767192] Redzone  ffff8e5081f836c0: bb bb bb bb bb bb bb bb bb bb bb bb bb bb bb bb  ................
[   23.767192] Redzone  ffff8e5081f836d0: bb bb bb bb bb bb bb bb bb bb bb bb bb bb bb bb  ................
[   23.767192] Redzone  ffff8e5081f836e0: bb bb bb bb bb bb bb bb bb bb bb bb bb bb bb bb  ................
[   23.767192] Redzone  ffff8e5081f836f0: bb bb bb bb bb bb bb bb bb bb bb bb bb bb bb bb  ................
[   23.767192] Redzone  ffff8e5081f83700: bb bb bb bb bb bb bb bb bb bb bb bb bb bb bb bb  ................
[   23.767192] Redzone  ffff8e5081f83710: bb bb bb bb bb bb bb bb bb bb bb bb bb bb bb bb  ................
[   23.767192] Redzone  ffff8e5081f83720: bb bb bb bb bb bb bb bb bb bb bb bb bb bb bb bb  ................
[   23.767192] Redzone  ffff8e5081f83730: bb bb bb bb bb bb bb bb bb bb bb bb bb bb bb bb  ................
[   23.767192] Redzone  ffff8e5081f83740: bb bb bb bb bb bb bb bb bb bb bb bb bb bb bb bb  ................
[   23.767192] Redzone  ffff8e5081f83750: bb bb bb bb bb bb bb bb bb bb bb bb bb bb bb bb  ................
[   23.767192] Redzone  ffff8e5081f83760: bb bb bb bb bb bb bb bb bb bb bb bb bb bb bb bb  ................
[   23.767192] Redzone  ffff8e5081f83770: bb bb bb bb bb bb bb bb bb bb bb bb bb bb bb bb  ................
[   23.767192] Redzone  ffff8e5081f83780: bb bb bb bb bb bb bb bb bb bb bb bb bb bb bb bb  ................
[   23.767192] Redzone  ffff8e5081f83790: bb bb bb bb bb bb bb bb bb bb bb bb bb bb bb bb  ................
[   23.767192] Redzone  ffff8e5081f837a0: bb bb bb bb bb bb bb bb bb bb bb bb bb bb bb bb  ................
[   23.767192] Redzone  ffff8e5081f837b0: bb bb bb bb bb bb bb bb bb bb bb bb bb bb bb bb  ................
[   23.767192] Redzone  ffff8e5081f837c0: bb bb bb bb bb bb bb bb bb bb bb bb bb bb bb bb  ................
[   23.767192] Redzone  ffff8e5081f837d0: bb bb bb bb bb bb bb bb bb bb bb bb bb bb bb bb  ................
[   23.767192] Redzone  ffff8e5081f837e0: bb bb bb bb bb bb bb bb bb bb bb bb bb bb bb bb  ................
[   23.767192] Redzone  ffff8e5081f837f0: bb bb bb bb bb bb bb bb bb bb bb bb bb bb bb bb  ................
[   23.767192] Redzone  ffff8e5081f83800: bb bb bb bb bb bb bb bb bb bb bb bb bb bb bb bb  ................
[   23.767192] Redzone  ffff8e5081f83810: bb bb bb bb bb bb bb bb bb bb bb bb bb bb bb bb  ................
[   23.767192] Redzone  ffff8e5081f83820: bb bb bb bb bb bb bb bb bb bb bb bb bb bb bb bb  ................
[   23.767192] Redzone  ffff8e5081f83830: bb bb bb bb bb bb bb bb bb bb bb bb bb bb bb bb  ................
[   23.767192] Redzone  ffff8e5081f83840: bb bb bb bb bb bb bb bb bb bb bb bb bb bb bb bb  ................
[   23.767192] Redzone  ffff8e5081f83850: bb bb bb bb bb bb bb bb bb bb bb bb bb bb bb bb  ................
[   23.767192] Redzone  ffff8e5081f83860: bb bb bb bb bb bb bb bb bb bb bb bb bb bb bb bb  ................
[   23.767192] Redzone  ffff8e5081f83870: bb bb bb bb bb bb bb bb bb bb bb bb bb bb bb bb  ................
[   23.767192] Redzone  ffff8e5081f83880: bb bb bb bb bb bb bb bb bb bb bb bb bb bb bb bb  ................
[   23.767192] Redzone  ffff8e5081f83890: bb bb bb bb bb bb bb bb bb bb bb bb bb bb bb bb  ................
[   23.767192] Redzone  ffff8e5081f838a0: bb bb bb bb bb bb bb bb bb bb bb bb bb bb bb bb  ................
[   23.767192] Redzone  ffff8e5081f838b0: bb bb bb bb bb bb bb bb bb bb bb bb bb bb bb bb  ................
[   23.767192] Redzone  ffff8e5081f838c0: bb bb bb bb bb bb bb bb bb bb bb bb bb bb bb bb  ................
[   23.767192] Redzone  ffff8e5081f838d0: bb bb bb bb bb bb bb bb bb bb bb bb bb bb bb bb  ................
[   23.767192] Redzone  ffff8e5081f838e0: bb bb bb bb bb bb bb bb bb bb bb bb bb bb bb bb  ................
[   23.767192] Redzone  ffff8e5081f838f0: bb bb bb bb bb bb bb bb bb bb bb bb bb bb bb bb  ................
[   23.767192] Redzone  ffff8e5081f83900: bb bb bb bb bb bb bb bb bb bb bb bb bb bb bb bb  ................
[   23.767192] Redzone  ffff8e5081f83910: bb bb bb bb bb bb bb bb bb bb bb bb bb bb bb bb  ................
[   23.767192] Redzone  ffff8e5081f83920: bb bb bb bb bb bb bb bb bb bb bb bb bb bb bb bb  ................
[   23.767192] Redzone  ffff8e5081f83930: bb bb bb bb bb bb bb bb bb bb bb bb bb bb bb bb  ................
[   23.767192] Redzone  ffff8e5081f83940: bb bb bb bb bb bb bb bb bb bb bb bb bb bb bb bb  ................
[   23.767192] Redzone  ffff8e5081f83950: bb bb bb bb bb bb bb bb bb bb bb bb bb bb bb bb  ................
[   23.767192] Redzone  ffff8e5081f83960: bb bb bb bb bb bb bb bb bb bb bb bb bb bb bb bb  ................
[   23.767192] Redzone  ffff8e5081f83970: bb bb bb bb bb bb bb bb bb bb bb bb bb bb bb bb  ................
[   23.767192] Redzone  ffff8e5081f83980: bb bb bb bb bb bb bb bb bb bb bb bb bb bb bb bb  ................
[   23.767192] Redzone  ffff8e5081f83990: bb bb bb bb bb bb bb bb bb bb bb bb bb bb bb bb  ................
[   23.767192] Redzone  ffff8e5081f839a0: bb bb bb bb bb bb bb bb bb bb bb bb bb bb bb bb  ................
[   23.767192] Redzone  ffff8e5081f839b0: bb bb bb bb bb bb bb bb bb bb bb bb bb bb bb bb  ................
[   23.767192] Redzone  ffff8e5081f839c0: bb bb bb bb bb bb bb bb bb bb bb bb bb bb bb bb  ................
[   23.767192] Redzone  ffff8e5081f839d0: bb bb bb bb bb bb bb bb bb bb bb bb bb bb bb bb  ................
[   23.767192] Redzone  ffff8e5081f839e0: bb bb bb bb bb bb bb bb bb bb bb bb bb bb bb bb  ................
[   23.767192] Redzone  ffff8e5081f839f0: bb bb bb bb bb bb bb bb bb bb bb bb bb bb bb bb  ................
[   23.767192] Redzone  ffff8e5081f83a00: bb bb bb bb bb bb bb bb bb bb bb bb bb bb bb bb  ................
[   23.767192] Redzone  ffff8e5081f83a10: bb bb bb bb bb bb bb bb bb bb bb bb bb bb bb bb  ................
[   23.767192] Redzone  ffff8e5081f83a20: bb bb bb bb bb bb bb bb bb bb bb bb bb bb bb bb  ................
[   23.767192] Redzone  ffff8e5081f83a30: bb bb bb bb bb bb bb bb bb bb bb bb bb bb bb bb  ................
[   23.767192] Redzone  ffff8e5081f83a40: bb bb bb bb bb bb bb bb bb bb bb bb bb bb bb bb  ................
[   23.767192] Redzone  ffff8e5081f83a50: bb bb bb bb bb bb bb bb bb bb bb bb bb bb bb bb  ................
[   23.767192] Redzone  ffff8e5081f83a60: bb bb bb bb bb bb bb bb bb bb bb bb bb bb bb bb  ................
[   23.767192] Redzone  ffff8e5081f83a70: bb bb bb bb bb bb bb bb bb bb bb bb bb bb bb bb  ................
[   23.767192] Redzone  ffff8e5081f83a80: bb bb bb bb bb bb bb bb bb bb bb bb bb bb bb bb  ................
[   23.767192] Redzone  ffff8e5081f83a90: bb bb bb bb bb bb bb bb bb bb bb bb bb bb bb bb  ................
[   23.767192] Redzone  ffff8e5081f83aa0: bb bb bb bb bb bb bb bb bb bb bb bb bb bb bb bb  ................
[   23.767192] Redzone  ffff8e5081f83ab0: bb bb bb bb bb bb bb bb bb bb bb bb bb bb bb bb  ................
[   23.767192] Redzone  ffff8e5081f83ac0: bb bb bb bb bb bb bb bb bb bb bb bb bb bb bb bb  ................
[   23.767192] Redzone  ffff8e5081f83ad0: bb bb bb bb bb bb bb bb bb bb bb bb bb bb bb bb  ................
[   23.767192] Redzone  ffff8e5081f83ae0: bb bb bb bb bb bb bb bb bb bb bb bb bb bb bb bb  ................
[   23.767192] Redzone  ffff8e5081f83af0: bb bb bb bb bb bb bb bb bb bb bb bb bb bb bb bb  ................
[   23.767192] Redzone  ffff8e5081f83b00: bb bb bb bb bb bb bb bb bb bb bb bb bb bb bb bb  ................
[   23.767192] Redzone  ffff8e5081f83b10: bb bb bb bb bb bb bb bb bb bb bb bb bb bb bb bb  ................
[   23.767192] Redzone  ffff8e5081f83b20: bb bb bb bb bb bb bb bb bb bb bb bb bb bb bb bb  ................
[   23.767192] Redzone  ffff8e5081f83b30: bb bb bb bb bb bb bb bb bb bb bb bb bb bb bb bb  ................
[   23.767192] Redzone  ffff8e5081f83b40: bb bb bb bb bb bb bb bb bb bb bb bb bb bb bb bb  ................
[   23.767192] Redzone  ffff8e5081f83b50: bb bb bb bb bb bb bb bb bb bb bb bb bb bb bb bb  ................
[   23.767192] Redzone  ffff8e5081f83b60: bb bb bb bb bb bb bb bb bb bb bb bb bb bb bb bb  ................
[   23.767192] Redzone  ffff8e5081f83b70: bb bb bb bb bb bb bb bb bb bb bb bb bb bb bb bb  ................
[   23.767192] Redzone  ffff8e5081f83b80: bb bb bb bb bb bb bb bb bb bb bb bb bb bb bb bb  ................
[   23.767192] Redzone  ffff8e5081f83b90: bb bb bb bb bb bb bb bb bb bb bb bb bb bb bb bb  ................
[   23.767192] Redzone  ffff8e5081f83ba0: bb bb bb bb bb bb bb bb bb bb bb bb bb bb bb bb  ................
[   23.767192] Redzone  ffff8e5081f83bb0: bb bb bb bb bb bb bb bb bb bb bb bb bb bb bb bb  ................
[   23.767192] Redzone  ffff8e5081f83bc0: bb bb bb bb bb bb bb bb bb bb bb bb bb bb bb bb  ................
[   23.767192] Redzone  ffff8e5081f83bd0: bb bb bb bb bb bb bb bb bb bb bb bb bb bb bb bb  ................
[   23.767192] Redzone  ffff8e5081f83be0: bb bb bb bb bb bb bb bb bb bb bb bb bb bb bb bb  ................
[   23.767192] Redzone  ffff8e5081f83bf0: bb bb bb bb bb bb bb bb bb bb bb bb bb bb bb bb  ................
[   23.767192] Redzone  ffff8e5081f83c00: bb bb bb bb bb bb bb bb bb bb bb bb bb bb bb bb  ................
[   23.767192] Redzone  ffff8e5081f83c10: bb bb bb bb bb bb bb bb bb bb bb bb bb bb bb bb  ................
[   23.767192] Redzone  ffff8e5081f83c20: bb bb bb bb bb bb bb bb bb bb bb bb bb bb bb bb  ................
[   23.767192] Redzone  ffff8e5081f83c30: bb bb bb bb bb bb bb bb bb bb bb bb bb bb bb bb  ................
[   23.767192] Redzone  ffff8e5081f83c40: bb bb bb bb bb bb bb bb bb bb bb bb bb bb bb bb  ................
[   23.767192] Redzone  ffff8e5081f83c50: bb bb bb bb bb bb bb bb bb bb bb bb bb bb bb bb  ................
[   23.767192] Redzone  ffff8e5081f83c60: bb bb bb bb bb bb bb bb bb bb bb bb bb bb bb bb  ................
[   23.767192] Redzone  ffff8e5081f83c70: bb bb bb bb bb bb bb bb bb bb bb bb bb bb bb bb  ................
[   23.767192] Redzone  ffff8e5081f83c80: bb bb bb bb bb bb bb bb bb bb bb bb bb bb bb bb  ................
[   23.767192] Redzone  ffff8e5081f83c90: bb bb bb bb bb bb bb bb bb bb bb bb bb bb bb bb  ................
[   23.767192] Redzone  ffff8e5081f83ca0: bb bb bb bb bb bb bb bb bb bb bb bb bb bb bb bb  ................
[   23.767192] Redzone  ffff8e5081f83cb0: bb bb bb bb bb bb bb bb bb bb bb bb bb bb bb bb  ................
[   23.767192] Redzone  ffff8e5081f83cc0: bb bb bb bb bb bb bb bb bb bb bb bb bb bb bb bb  ................
[   23.767192] Redzone  ffff8e5081f83cd0: bb bb bb bb bb bb bb bb bb bb bb bb bb bb bb bb  ................
[   23.767192] Redzone  ffff8e5081f83ce0: bb bb bb bb bb bb bb bb bb bb bb bb bb bb bb bb  ................
[   23.767192] Redzone  ffff8e5081f83cf0: bb bb bb bb bb bb bb bb bb bb bb bb bb bb bb bb  ................
[   23.767192] Redzone  ffff8e5081f83d00: bb bb bb bb bb bb bb bb bb bb bb bb bb bb bb bb  ................
[   23.767192] Redzone  ffff8e5081f83d10: bb bb bb bb bb bb bb bb bb bb bb bb bb bb bb bb  ................
[   23.767192] Redzone  ffff8e5081f83d20: bb bb bb bb bb bb bb bb bb bb bb bb bb bb bb bb  ................
[   23.767192] Redzone  ffff8e5081f83d30: bb bb bb bb bb bb bb bb bb bb bb bb bb bb bb bb  ................
[   23.767192] Redzone  ffff8e5081f83d40: bb bb bb bb bb bb bb bb bb bb bb bb bb bb bb bb  ................
[   23.767192] Redzone  ffff8e5081f83d50: bb bb bb bb bb bb bb bb bb bb bb bb bb bb bb bb  ................
[   23.767192] Redzone  ffff8e5081f83d60: bb bb bb bb bb bb bb bb bb bb bb bb bb bb bb bb  ................
[   23.767192] Redzone  ffff8e5081f83d70: bb bb bb bb bb bb bb bb bb bb bb bb bb bb bb bb  ................
[   23.767192] Redzone  ffff8e5081f83d80: bb bb bb bb bb bb bb bb bb bb bb bb bb bb bb bb  ................
[   23.767192] Redzone  ffff8e5081f83d90: bb bb bb bb bb bb bb bb bb bb bb bb bb bb bb bb  ................
[   23.767192] Redzone  ffff8e5081f83da0: bb bb bb bb bb bb bb bb bb bb bb bb bb bb bb bb  ................
[   23.767192] Redzone  ffff8e5081f83db0: bb bb bb bb bb bb bb bb bb bb bb bb bb bb bb bb  ................
[   23.767192] Redzone  ffff8e5081f83dc0: bb bb bb bb bb bb bb bb bb bb bb bb bb bb bb bb  ................
[   23.767192] Redzone  ffff8e5081f83dd0: bb bb bb bb bb bb bb bb bb bb bb bb bb bb bb bb  ................
[   23.767192] Redzone  ffff8e5081f83de0: bb bb bb bb bb bb bb bb bb bb bb bb bb bb bb bb  ................
[   23.767192] Redzone  ffff8e5081f83df0: bb bb bb bb bb bb bb bb bb bb bb bb bb bb bb bb  ................
[   23.767192] Redzone  ffff8e5081f83e00: bb bb bb bb bb bb bb bb bb bb bb bb bb bb bb bb  ................
[   23.767192] Redzone  ffff8e5081f83e10: bb bb bb bb bb bb bb bb bb bb bb bb bb bb bb bb  ................
[   23.767192] Redzone  ffff8e5081f83e20: bb bb bb bb bb bb bb bb bb bb bb bb bb bb bb bb  ................
[   23.767192] Redzone  ffff8e5081f83e30: bb bb bb bb bb bb bb bb bb bb bb bb bb bb bb bb  ................
[   23.767192] Redzone  ffff8e5081f83e40: bb bb bb bb bb bb bb bb bb bb bb bb bb bb bb bb  ................
[   23.767192] Redzone  ffff8e5081f83e50: bb bb bb bb bb bb bb bb bb bb bb bb bb bb bb bb  ................
[   23.767192] Redzone  ffff8e5081f83e60: bb bb bb bb bb bb bb bb bb bb bb bb bb bb bb bb  ................
[   23.767192] Redzone  ffff8e5081f83e70: bb bb bb bb bb bb bb bb bb bb bb bb bb bb bb bb  ................
[   23.767192] Redzone  ffff8e5081f83e80: bb bb bb bb bb bb bb bb bb bb bb bb bb bb bb bb  ................
[   23.767192] Redzone  ffff8e5081f83e90: bb bb bb bb bb bb bb bb bb bb bb bb bb bb bb bb  ................
[   23.767192] Redzone  ffff8e5081f83ea0: bb bb bb bb bb bb bb bb bb bb bb bb bb bb bb bb  ................
[   23.767192] Redzone  ffff8e5081f83eb0: bb bb bb bb bb bb bb bb bb bb bb bb bb bb bb bb  ................
[   23.767192] Redzone  ffff8e5081f83ec0: bb bb bb bb bb bb bb bb bb bb bb bb bb bb bb bb  ................
[   23.767192] Redzone  ffff8e5081f83ed0: bb bb bb bb bb bb bb bb bb bb bb bb bb bb bb bb  ................
[   23.767192] Redzone  ffff8e5081f83ee0: bb bb bb bb bb bb bb bb bb bb bb bb bb bb bb bb  ................
[   23.767192] Redzone  ffff8e5081f83ef0: bb bb bb bb bb bb bb bb bb bb bb bb bb bb bb bb  ................
[   23.767192] Redzone  ffff8e5081f83f00: bb bb bb bb bb bb bb bb bb bb bb bb bb bb bb bb  ................
[   23.767192] Redzone  ffff8e5081f83f10: bb bb bb bb bb bb bb bb bb bb bb bb bb bb bb bb  ................
[   23.767192] Redzone  ffff8e5081f83f20: bb bb bb bb bb bb bb bb bb bb bb bb bb bb bb bb  ................
[   23.767192] Redzone  ffff8e5081f83f30: bb bb bb bb bb bb bb bb bb bb bb bb bb bb bb bb  ................
[   23.767192] Redzone  ffff8e5081f83f40: bb bb bb bb bb bb bb bb bb bb bb bb bb bb bb bb  ................
[   23.767192] Redzone  ffff8e5081f83f50: bb bb bb bb bb bb bb bb bb bb bb bb bb bb bb bb  ................
[   23.767192] Redzone  ffff8e5081f83f60: bb bb bb bb bb bb bb bb bb bb bb bb bb bb bb bb  ................
[   23.767192] Redzone  ffff8e5081f83f70: bb bb bb bb bb bb bb bb bb bb bb bb bb bb bb bb  ................
[   23.767192] Redzone  ffff8e5081f83f80: bb bb bb bb bb bb bb bb bb bb bb bb bb bb bb bb  ................
[   23.767192] Redzone  ffff8e5081f83f90: bb bb bb bb bb bb bb bb bb bb bb bb bb bb bb bb  ................
[   23.767192] Redzone  ffff8e5081f83fa0: bb bb bb bb bb bb bb bb bb bb bb bb bb bb bb bb  ................
[   23.767192] Redzone  ffff8e5081f83fb0: bb bb bb bb bb bb bb bb bb bb bb bb bb bb bb bb  ................
[   23.767192] Redzone  ffff8e5081f83fc0: bb bb bb bb bb bb bb bb bb bb bb bb bb bb bb bb  ................
[   23.767192] Redzone  ffff8e5081f83fd0: bb bb bb bb bb bb bb bb bb bb bb bb bb bb bb bb  ................
[   23.767192] Redzone  ffff8e5081f83fe0: bb bb bb bb bb bb bb bb bb bb bb bb bb bb bb bb  ................
[   23.767192] Redzone  ffff8e5081f83ff0: bb bb bb bb bb bb bb bb bb bb bb bb bb bb bb bb  ................
[   23.767192] Object   ffff8e5081f84000: 56 83 3c de 4d 17 25 13 0d f0 dc 5b 69 0c 7b 0b  V.<.M.%....[i.{.
[   23.767192] Object   ffff8e5081f84010: 56 83 3c de 4d 17 25 13 0d f0 dc 5b 69 0c 7b 0b  V.<.M.%....[i.{.
[   23.767192] Object   ffff8e5081f84020: 56 83 3c de 4d 17 25 13 0d f0 dc 5b 69 0c 7b 0b  V.<.M.%....[i.{.
[   23.767192] Object   ffff8e5081f84030: 56 83 3c de 4d 17 25 13 0d f0 dc 5b 69 0c 7b 0b  V.<.M.%....[i.{.
[   23.767192] Object   ffff8e5081f84040: 56 83 3c de 4d 17 25 13 0d f0 dc 5b 69 0c 7b 0b  V.<.M.%....[i.{.
[   23.767192] Object   ffff8e5081f84050: 00 00 00 00 00 00 00 00 00 00 00 00 00 00 00 00  ................
[   23.767192] Object   ffff8e5081f84060: 00 00 00 00 00 00 00 00 00 00 00 00 00 00 00 00  ................
[   23.767192] Object   ffff8e5081f84070: 00 00 00 00 00 00 00 00 00 00 00 00 00 00 00 00  ................
[   23.767192] Object   ffff8e5081f84080: 00 00 00 00 00 00 00 00 00 00 00 00 00 00 00 00  ................
[   23.767192] Object   ffff8e5081f84090: 00 00 00 00 00 00 00 00 00 00 00 00 00 00 00 00  ................
[   23.767192] Object   ffff8e5081f840a0: 00 00 00 00 00 00 00 00 00 00 00 00 00 00 00 00  ................
[   23.767192] Object   ffff8e5081f840b0: 00 00 00 00 00 00 00 00 00 00 00 00 00 00 00 00  ................
[   23.767192] Object   ffff8e5081f840c0: 00 00 00 00 00 00 00 00 00 00 00 00 00 00 00 00  ................
[   23.767192] Object   ffff8e5081f840d0: 00 00 00 00 00 00 00 00 00 00 00 00 00 00 00 00  ................
[   23.767192] Object   ffff8e5081f840e0: 00 00 00 00 00 00 00 00 00 00 00 00 00 00 00 00  ................
[   23.767192] Object   ffff8e5081f840f0: 00 00 00 00 00 00 00 00 00 00 00 00 00 00 00 00  ................
[   23.767192] Object   ffff8e5081f84100: 00 00 00 00 00 00 00 00 00 00 00 00 00 00 00 00  ................
[   23.767192] Object   ffff8e5081f84110: 00 00 00 00 00 00 00 00 00 00 00 00 00 00 00 00  ................
[   23.767192] Object   ffff8e5081f84120: 00 00 00 00 00 00 00 00 00 00 00 00 00 00 00 00  ................
[   23.767192] Object   ffff8e5081f84130: 00 00 00 00 00 00 00 00 00 00 00 00 00 00 00 00  ................
[   23.767192] Object   ffff8e5081f84140: 00 00 00 00 00 00 00 00 00 00 00 00 00 00 00 00  ................
[   23.767192] Object   ffff8e5081f84150: 00 00 00 00 00 00 00 00 00 00 00 00 00 00 00 00  ................
[   23.767192] Object   ffff8e5081f84160: 00 00 00 00 00 00 00 00 00 00 00 00 00 00 00 00  ................
[   23.767192] Object   ffff8e5081f84170: 00 00 00 00 00 00 00 00 00 00 00 00 00 00 00 00  ................
[   23.767192] Object   ffff8e5081f84180: 00 00 00 00 00 00 00 00 00 00 00 00 00 00 00 00  ................
[   23.767192] Object   ffff8e5081f84190: 00 00 00 00 00 00 00 00 00 00 00 00 00 00 00 00  ................
[   23.767192] Object   ffff8e5081f841a0: 00 00 00 00 00 00 00 00 00 00 00 00 00 00 00 00  ................
[   23.767192] Object   ffff8e5081f841b0: 00 00 00 00 00 00 00 00 00 00 00 00 00 00 00 00  ................
[   23.767192] Object   ffff8e5081f841c0: 00 00 00 00 00 00 00 00 00 00 00 00 00 00 00 00  ................
[   23.767192] Object   ffff8e5081f841d0: 00 00 00 00 00 00 00 00 00 00 00 00 00 00 00 00  ................
[   23.767192] Object   ffff8e5081f841e0: 00 00 00 00 00 00 00 00 00 00 00 00 00 00 00 00  ................
[   23.767192] Object   ffff8e5081f841f0: 00 00 00 00 00 00 00 00 00 00 00 00 00 00 00 00  ................
[   23.767192] Object   ffff8e5081f84200: 00 00 00 00 00 00 00 00 00 00 00 00 00 00 00 00  ................
[   23.767192] Object   ffff8e5081f84210: 00 00 00 00 00 00 00 00 00 00 00 00 00 00 00 00  ................
[   23.767192] Object   ffff8e5081f84220: 00 00 00 00 00 00 00 00 00 00 00 00 00 00 00 00  ................
[   23.767192] Object   ffff8e5081f84230: 00 00 00 00 00 00 00 00 00 00 00 00 00 00 00 00  ................
[   23.767192] Object   ffff8e5081f84240: 00 00 00 00 00 00 00 00 00 00 00 00 00 00 00 00  ................
[   23.767192] Object   ffff8e5081f84250: 00 00 00 00 00 00 00 00 00 00 00 00 00 00 00 00  ................
[   23.767192] Object   ffff8e5081f84260: 00 00 00 00 00 00 00 00 00 00 00 00 00 00 00 00  ................
[   23.767192] Object   ffff8e5081f84270: 00 00 00 00 00 00 00 00 00 00 00 00 00 00 00 00  ................
[   23.767192] Object   ffff8e5081f84280: 00 00 00 00 00 00 00 00 00 00 00 00 00 00 00 00  ................
[   23.767192] Object   ffff8e5081f84290: 00 00 00 00 00 00 00 00 00 00 00 00 00 00 00 00  ................
[   23.767192] Object   ffff8e5081f842a0: 00 00 00 00 00 00 00 00 00 00 00 00 00 00 00 00  ................
[   23.767192] Object   ffff8e5081f842b0: 00 00 00 00 00 00 00 00 00 00 00 00 00 00 00 00  ................
[   23.767192] Object   ffff8e5081f842c0: 00 00 00 00 00 00 00 00 00 00 00 00 00 00 00 00  ................
[   23.767192] Object   ffff8e5081f842d0: 00 00 00 00 00 00 00 00 00 00 00 00 00 00 00 00  ................
[   23.767192] Object   ffff8e5081f842e0: 00 00 00 00 00 00 00 00 00 00 00 00 00 00 00 00  ................
[   23.767192] Object   ffff8e5081f842f0: 00 00 00 00 00 00 00 00 00 00 00 00 00 00 00 00  ................
[   23.767192] Object   ffff8e5081f84300: 00 00 00 00 00 00 00 00 00 00 00 00 00 00 00 00  ................
[   23.767192] Object   ffff8e5081f84310: 00 00 00 00 00 00 00 00 00 00 00 00 00 00 00 00  ................
[   23.767192] Object   ffff8e5081f84320: 00 00 00 00 00 00 00 00 00 00 00 00 00 00 00 00  ................
[   23.767192] Object   ffff8e5081f84330: 00 00 00 00 00 00 00 00 00 00 00 00 00 00 00 00  ................
[   23.767192] Object   ffff8e5081f84340: 00 00 00 00 00 00 00 00 00 00 00 00 00 00 00 00  ................
[   23.767192] Object   ffff8e5081f84350: 00 00 00 00 00 00 00 00 00 00 00 00 00 00 00 00  ................
[   23.767192] Object   ffff8e5081f84360: 00 00 00 00 00 00 00 00 00 00 00 00 00 00 00 00  ................
[   23.767192] Object   ffff8e5081f84370: 00 00 00 00 00 00 00 00 00 00 00 00 00 00 00 00  ................
[   23.767192] Object   ffff8e5081f84380: 00 00 00 00 00 00 00 00 00 00 00 00 00 00 00 00  ................
[   23.767192] Object   ffff8e5081f84390: 00 00 00 00 00 00 00 00 00 00 00 00 00 00 00 00  ................
[   23.767192] Object   ffff8e5081f843a0: 00 00 00 00 00 00 00 00 00 00 00 00 00 00 00 00  ................
[   23.767192] Object   ffff8e5081f843b0: 00 00 00 00 00 00 00 00 00 00 00 00 00 00 00 00  ................
[   23.767192] Object   ffff8e5081f843c0: 00 00 00 00 00 00 00 00 00 00 00 00 00 00 00 00  ................
[   23.767192] Object   ffff8e5081f843d0: 00 00 00 00 00 00 00 00 00 00 00 00 00 00 00 00  ................
[   23.767192] Object   ffff8e5081f843e0: 00 00 00 00 00 00 00 00 00 00 00 00 00 00 00 00  ................
[   23.767192] Object   ffff8e5081f843f0: 00 00 00 00 00 00 00 00 00 00 00 00 00 00 00 00  ................
[   23.767192] Object   ffff8e5081f84400: 00 00 00 00 00 00 00 00 00 00 00 00 00 00 00 00  ................
[   23.767192] Object   ffff8e5081f84410: 00 00 00 00 00 00 00 00 00 00 00 00 00 00 00 00  ................
[   23.767192] Object   ffff8e5081f84420: 00 00 00 00 00 00 00 00 00 00 00 00 00 00 00 00  ................
[   23.767192] Object   ffff8e5081f84430: 00 00 00 00 00 00 00 00 00 00 00 00 00 00 00 00  ................
[   23.767192] Object   ffff8e5081f84440: 00 00 00 00 00 00 00 00 00 00 00 00 00 00 00 00  ................
[   23.767192] Object   ffff8e5081f84450: 00 00 00 00 00 00 00 00 00 00 00 00 00 00 00 00  ................
[   23.767192] Object   ffff8e5081f84460: 00 00 00 00 00 00 00 00 00 00 00 00 00 00 00 00  ................
[   23.767192] Object   ffff8e5081f84470: 00 00 00 00 00 00 00 00 00 00 00 00 00 00 00 00  ................
[   23.767192] Object   ffff8e5081f84480: 00 00 00 00 00 00 00 00 00 00 00 00 00 00 00 00  ................
[   23.767192] Object   ffff8e5081f84490: 00 00 00 00 00 00 00 00 00 00 00 00 00 00 00 00  ................
[   23.767192] Object   ffff8e5081f844a0: 00 00 00 00 00 00 00 00 00 00 00 00 00 00 00 00  ................
[   23.767192] Object   ffff8e5081f844b0: 00 00 00 00 00 00 00 00 00 00 00 00 00 00 00 00  ................
[   23.767192] Object   ffff8e5081f844c0: 00 00 00 00 00 00 00 00 00 00 00 00 00 00 00 00  ................
[   23.767192] Object   ffff8e5081f844d0: 00 00 00 00 00 00 00 00 00 00 00 00 00 00 00 00  ................
[   23.767192] Object   ffff8e5081f844e0: 00 00 00 00 00 00 00 00 00 00 00 00 00 00 00 00  ................
[   23.767192] Object   ffff8e5081f844f0: 00 00 00 00 00 00 00 00 00 00 00 00 00 00 00 00  ................
[   23.767192] Object   ffff8e5081f84500: 00 00 00 00 00 00 00 00 00 00 00 00 00 00 00 00  ................
[   23.767192] Object   ffff8e5081f84510: 00 00 00 00 00 00 00 00 00 00 00 00 00 00 00 00  ................
[   23.767192] Object   ffff8e5081f84520: 00 00 00 00 00 00 00 00 00 00 00 00 00 00 00 00  ................
[   23.767192] Object   ffff8e5081f84530: 00 00 00 00 00 00 00 00 00 00 00 00 00 00 00 00  ................
[   23.767192] Object   ffff8e5081f84540: 00 00 00 00 00 00 00 00 00 00 00 00 00 00 00 00  ................
[   23.767192] Object   ffff8e5081f84550: 00 00 00 00 00 00 00 00 00 00 00 00 00 00 00 00  ................
[   23.767192] Object   ffff8e5081f84560: 00 00 00 00 00 00 00 00 00 00 00 00 00 00 00 00  ................
[   23.767192] Object   ffff8e5081f84570: 00 00 00 00 00 00 00 00 00 00 00 00 00 00 00 00  ................
[   23.767192] Object   ffff8e5081f84580: 00 00 00 00 00 00 00 00 00 00 00 00 00 00 00 00  ................
[   23.767192] Object   ffff8e5081f84590: 00 00 00 00 00 00 00 00 00 00 00 00 00 00 00 00  ................
[   23.767192] Object   ffff8e5081f845a0: 00 00 00 00 00 00 00 00 00 00 00 00 00 00 00 00  ................
[   23.767192] Object   ffff8e5081f845b0: 00 00 00 00 00 00 00 00 00 00 00 00 00 00 00 00  ................
[   23.767192] Object   ffff8e5081f845c0: 00 00 00 00 00 00 00 00 00 00 00 00 00 00 00 00  ................
[   23.767192] Object   ffff8e5081f845d0: 00 00 00 00 00 00 00 00 00 00 00 00 00 00 00 00  ................
[   23.767192] Object   ffff8e5081f845e0: 00 00 00 00 00 00 00 00 00 00 00 00 00 00 00 00  ................
[   23.767192] Object   ffff8e5081f845f0: 00 00 00 00 00 00 00 00 00 00 00 00 00 00 00 00  ................
[   23.767192] Object   ffff8e5081f84600: 00 00 00 00 00 00 00 00 00 00 00 00 00 00 00 00  ................
[   23.767192] Object   ffff8e5081f84610: 00 00 00 00 00 00 00 00 00 00 00 00 00 00 00 00  ................
[   23.767192] Object   ffff8e5081f84620: 00 00 00 00 00 00 00 00 00 00 00 00 00 00 00 00  ................
[   23.767192] Object   ffff8e5081f84630: 00 00 00 00 00 00 00 00 00 00 00 00 00 00 00 00  ................
[   23.767192] Object   ffff8e5081f84640: 00 00 00 00 00 00 00 00 00 00 00 00 00 00 00 00  ................
[   23.767192] Object   ffff8e5081f84650: 00 00 00 00 00 00 00 00 00 00 00 00 00 00 00 00  ................
[   23.767192] Object   ffff8e5081f84660: 00 00 00 00 00 00 00 00 00 00 00 00 00 00 00 00  ................
[   23.767192] Object   ffff8e5081f84670: 00 00 00 00 00 00 00 00 00 00 00 00 00 00 00 00  ................
[   23.767192] Object   ffff8e5081f84680: 00 00 00 00 00 00 00 00 00 00 00 00 00 00 00 00  ................
[   23.767192] Object   ffff8e5081f84690: 00 00 00 00 00 00 00 00 00 00 00 00 00 00 00 00  ................
[   23.767192] Object   ffff8e5081f846a0: 00 00 00 00 00 00 00 00 00 00 00 00 00 00 00 00  ................
[   23.767192] Object   ffff8e5081f846b0: 00 00 00 00 00 00 00 00 00 00 00 00 00 00 00 00  ................
[   23.767192] Object   ffff8e5081f846c0: 00 00 00 00 00 00 00 00 00 00 00 00 00 00 00 00  ................
[   23.767192] Object   ffff8e5081f846d0: 00 00 00 00 00 00 00 00 00 00 00 00 00 00 00 00  ................
[   23.767192] Object   ffff8e5081f846e0: 00 00 00 00 00 00 00 00 00 00 00 00 00 00 00 00  ................
[   23.767192] Object   ffff8e5081f846f0: 00 00 00 00 00 00 00 00 00 00 00 00 00 00 00 00  ................
[   23.767192] Object   ffff8e5081f84700: 00 00 00 00 00 00 00 00 00 00 00 00 00 00 00 00  ................
[   23.767192] Object   ffff8e5081f84710: 00 00 00 00 00 00 00 00 00 00 00 00 00 00 00 00  ................
[   23.767192] Object   ffff8e5081f84720: 00 00 00 00 00 00 00 00 00 00 00 00 00 00 00 00  ................
[   23.767192] Object   ffff8e5081f84730: 00 00 00 00 00 00 00 00 00 00 00 00 00 00 00 00  ................
[   23.767192] Object   ffff8e5081f84740: 00 00 00 00 00 00 00 00 00 00 00 00 00 00 00 00  ................
[   23.767192] Object   ffff8e5081f84750: 00 00 00 00 00 00 00 00 00 00 00 00 00 00 00 00  ................
[   23.767192] Object   ffff8e5081f84760: 00 00 00 00 00 00 00 00 00 00 00 00 00 00 00 00  ................
[   23.767192] Object   ffff8e5081f84770: 00 00 00 00 00 00 00 00 00 00 00 00 00 00 00 00  ................
[   23.767192] Object   ffff8e5081f84780: 00 00 00 00 00 00 00 00 00 00 00 00 00 00 00 00  ................
[   23.767192] Object   ffff8e5081f84790: 00 00 00 00 00 00 00 00 00 00 00 00 00 00 00 00  ................
[   23.767192] Object   ffff8e5081f847a0: 00 00 00 00 00 00 00 00 00 00 00 00 00 00 00 00  ................
[   23.767192] Object   ffff8e5081f847b0: 00 00 00 00 00 00 00 00 00 00 00 00 00 00 00 00  ................
[   23.767192] Object   ffff8e5081f847c0: 00 00 00 00 00 00 00 00 00 00 00 00 00 00 00 00  ................
[   23.767192] Object   ffff8e5081f847d0: 00 00 00 00 00 00 00 00 00 00 00 00 00 00 00 00  ................
[   23.767192] Object   ffff8e5081f847e0: 00 00 00 00 00 00 00 00 00 00 00 00 00 00 00 00  ................
[   23.767192] Object   ffff8e5081f847f0: 00 00 00 00 00 00 00 00 00 00 00 00 00 00 00 00  ................
[   23.767192] Object   ffff8e5081f84800: 00 00 00 00 00 00 00 00 00 00 00 00 00 00 00 00  ................
[   23.767192] Object   ffff8e5081f84810: 00 00 00 00 00 00 00 00 00 00 00 00 00 00 00 00  ................
[   23.767192] Object   ffff8e5081f84820: 00 00 00 00 00 00 00 00 00 00 00 00 00 00 00 00  ................
[   23.767192] Object   ffff8e5081f84830: 00 00 00 00 00 00 00 00 00 00 00 00 00 00 00 00  ................
[   23.767192] Object   ffff8e5081f84840: 00 00 00 00 00 00 00 00 00 00 00 00 00 00 00 00  ................
[   23.767192] Object   ffff8e5081f84850: 00 00 00 00 00 00 00 00 00 00 00 00 00 00 00 00  ................
[   23.767192] Object   ffff8e5081f84860: 00 00 00 00 00 00 00 00 00 00 00 00 00 00 00 00  ................
[   23.767192] Object   ffff8e5081f84870: 00 00 00 00 00 00 00 00 00 00 00 00 00 00 00 00  ................
[   23.767192] Object   ffff8e5081f84880: 00 00 00 00 00 00 00 00 00 00 00 00 00 00 00 00  ................
[   23.767192] Object   ffff8e5081f84890: 00 00 00 00 00 00 00 00 00 00 00 00 00 00 00 00  ................
[   23.767192] Object   ffff8e5081f848a0: 00 00 00 00 00 00 00 00 00 00 00 00 00 00 00 00  ................
[   23.767192] Object   ffff8e5081f848b0: 00 00 00 00 00 00 00 00 00 00 00 00 00 00 00 00  ................
[   23.767192] Object   ffff8e5081f848c0: 00 00 00 00 00 00 00 00 00 00 00 00 00 00 00 00  ................
[   23.767192] Object   ffff8e5081f848d0: 00 00 00 00 00 00 00 00 00 00 00 00 00 00 00 00  ................
[   23.767192] Object   ffff8e5081f848e0: 00 00 00 00 00 00 00 00 00 00 00 00 00 00 00 00  ................
[   23.767192] Object   ffff8e5081f848f0: 00 00 00 00 00 00 00 00 00 00 00 00 00 00 00 00  ................
[   23.767192] Object   ffff8e5081f84900: 00 00 00 00 00 00 00 00 00 00 00 00 00 00 00 00  ................
[   23.767192] Object   ffff8e5081f84910: 00 00 00 00 00 00 00 00 00 00 00 00 00 00 00 00  ................
[   23.767192] Object   ffff8e5081f84920: 00 00 00 00 00 00 00 00 00 00 00 00 00 00 00 00  ................
[   23.767192] Object   ffff8e5081f84930: 00 00 00 00 00 00 00 00 00 00 00 00 00 00 00 00  ................
[   23.767192] Object   ffff8e5081f84940: 00 00 00 00 00 00 00 00 00 00 00 00 00 00 00 00  ................
[   23.767192] Object   ffff8e5081f84950: 00 00 00 00 00 00 00 00 00 00 00 00 00 00 00 00  ................
[   23.767192] Object   ffff8e5081f84960: 00 00 00 00 00 00 00 00 00 00 00 00 00 00 00 00  ................
[   23.767192] Object   ffff8e5081f84970: 00 00 00 00 00 00 00 00 00 00 00 00 00 00 00 00  ................
[   23.767192] Object   ffff8e5081f84980: 00 00 00 00 00 00 00 00 00 00 00 00 00 00 00 00  ................
[   23.767192] Object   ffff8e5081f84990: 00 00 00 00 00 00 00 00 00 00 00 00 00 00 00 00  ................
[   23.767192] Object   ffff8e5081f849a0: 00 00 00 00 00 00 00 00 00 00 00 00 00 00 00 00  ................
[   23.767192] Object   ffff8e5081f849b0: 00 00 00 00 00 00 00 00 00 00 00 00 00 00 00 00  ................
[   23.767192] Object   ffff8e5081f849c0: 00 00 00 00 00 00 00 00 00 00 00 00 00 00 00 00  ................
[   23.767192] Object   ffff8e5081f849d0: 00 00 00 00 00 00 00 00 00 00 00 00 00 00 00 00  ................
[   23.767192] Object   ffff8e5081f849e0: 00 00 00 00 00 00 00 00 00 00 00 00 00 00 00 00  ................
[   23.767192] Object   ffff8e5081f849f0: 00 00 00 00 00 00 00 00 00 00 00 00 00 00 00 00  ................
[   23.767192] Object   ffff8e5081f84a00: 00 00 00 00 00 00 00 00 00 00 00 00 00 00 00 00  ................
[   23.767192] Object   ffff8e5081f84a10: 00 00 00 00 00 00 00 00 00 00 00 00 00 00 00 00  ................
[   23.767192] Object   ffff8e5081f84a20: 00 00 00 00 00 00 00 00 00 00 00 00 00 00 00 00  ................
[   23.767192] Object   ffff8e5081f84a30: 00 00 00 00 00 00 00 00 00 00 00 00 00 00 00 00  ................
[   23.767192] Object   ffff8e5081f84a40: 00 00 00 00 00 00 00 00 00 00 00 00 00 00 00 00  ................
[   23.767192] Object   ffff8e5081f84a50: 00 00 00 00 00 00 00 00 00 00 00 00 00 00 00 00  ................
[   23.767192] Object   ffff8e5081f84a60: 00 00 00 00 00 00 00 00 00 00 00 00 00 00 00 00  ................
[   23.767192] Object   ffff8e5081f84a70: 00 00 00 00 00 00 00 00 00 00 00 00 00 00 00 00  ................
[   23.767192] Object   ffff8e5081f84a80: 00 00 00 00 00 00 00 00 00 00 00 00 00 00 00 00  ................
[   23.767192] Object   ffff8e5081f84a90: 00 00 00 00 00 00 00 00 00 00 00 00 00 00 00 00  ................
[   23.767192] Object   ffff8e5081f84aa0: 00 00 00 00 00 00 00 00 00 00 00 00 00 00 00 00  ................
[   23.767192] Object   ffff8e5081f84ab0: 00 00 00 00 00 00 00 00 00 00 00 00 00 00 00 00  ................
[   23.767192] Object   ffff8e5081f84ac0: 00 00 00 00 00 00 00 00 00 00 00 00 00 00 00 00  ................
[   23.767192] Object   ffff8e5081f84ad0: 00 00 00 00 00 00 00 00 00 00 00 00 00 00 00 00  ................
[   23.767192] Object   ffff8e5081f84ae0: 00 00 00 00 00 00 00 00 00 00 00 00 00 00 00 00  ................
[   23.767192] Object   ffff8e5081f84af0: 00 00 00 00 00 00 00 00 00 00 00 00 00 00 00 00  ................
[   23.767192] Object   ffff8e5081f84b00: 00 00 00 00 00 00 00 00 00 00 00 00 00 00 00 00  ................
[   23.767192] Object   ffff8e5081f84b10: 00 00 00 00 00 00 00 00 00 00 00 00 00 00 00 00  ................
[   23.767192] Object   ffff8e5081f84b20: 00 00 00 00 00 00 00 00 00 00 00 00 00 00 00 00  ................
[   23.767192] Object   ffff8e5081f84b30: 00 00 00 00 00 00 00 00 00 00 00 00 00 00 00 00  ................
[   23.767192] Object   ffff8e5081f84b40: 00 00 00 00 00 00 00 00 00 00 00 00 00 00 00 00  ................
[   23.767192] Object   ffff8e5081f84b50: 00 00 00 00 00 00 00 00 00 00 00 00 00 00 00 00  ................
[   23.767192] Object   ffff8e5081f84b60: 00 00 00 00 00 00 00 00 00 00 00 00 00 00 00 00  ................
[   23.767192] Object   ffff8e5081f84b70: 00 00 00 00 00 00 00 00 00 00 00 00 00 00 00 00  ................
[   23.767192] Object   ffff8e5081f84b80: 00 00 00 00 00 00 00 00 00 00 00 00 00 00 00 00  ................
[   23.767192] Object   ffff8e5081f84b90: 00 00 00 00 00 00 00 00 00 00 00 00 00 00 00 00  ................
[   23.767192] Object   ffff8e5081f84ba0: 00 00 00 00 00 00 00 00 00 00 00 00 00 00 00 00  ................
[   23.767192] Object   ffff8e5081f84bb0: 00 00 00 00 00 00 00 00 00 00 00 00 00 00 00 00  ................
[   23.767192] Object   ffff8e5081f84bc0: 00 00 00 00 00 00 00 00 00 00 00 00 00 00 00 00  ................
[   23.767192] Object   ffff8e5081f84bd0: 00 00 00 00 00 00 00 00 00 00 00 00 00 00 00 00  ................
[   23.767192] Object   ffff8e5081f84be0: 00 00 00 00 00 00 00 00 00 00 00 00 00 00 00 00  ................
[   23.767192] Object   ffff8e5081f84bf0: 00 00 00 00 00 00 00 00 00 00 00 00 00 00 00 00  ................
[   23.767192] Object   ffff8e5081f84c00: 00 00 00 00 00 00 00 00 00 00 00 00 00 00 00 00  ................
[   23.767192] Object   ffff8e5081f84c10: 00 00 00 00 00 00 00 00 00 00 00 00 00 00 00 00  ................
[   23.767192] Object   ffff8e5081f84c20: 00 00 00 00 00 00 00 00 00 00 00 00 00 00 00 00  ................
[   23.767192] Object   ffff8e5081f84c30: 00 00 00 00 00 00 00 00 00 00 00 00 00 00 00 00  ................
[   23.767192] Object   ffff8e5081f84c40: 00 00 00 00 00 00 00 00 00 00 00 00 00 00 00 00  ................
[   23.767192] Object   ffff8e5081f84c50: 00 00 00 00 00 00 00 00 00 00 00 00 00 00 00 00  ................
[   23.767192] Object   ffff8e5081f84c60: 00 00 00 00 00 00 00 00 00 00 00 00 00 00 00 00  ................
[   23.767192] Object   ffff8e5081f84c70: 00 00 00 00 00 00 00 00 00 00 00 00 00 00 00 00  ................
[   23.767192] Object   ffff8e5081f84c80: 00 00 00 00 00 00 00 00 00 00 00 00 00 00 00 00  ................
[   23.767192] Object   ffff8e5081f84c90: 00 00 00 00 00 00 00 00 00 00 00 00 00 00 00 00  ................
[   23.767192] Object   ffff8e5081f84ca0: 00 00 00 00 00 00 00 00 00 00 00 00 00 00 00 00  ................
[   23.767192] Object   ffff8e5081f84cb0: 00 00 00 00 00 00 00 00 00 00 00 00 00 00 00 00  ................
[   23.767192] Object   ffff8e5081f84cc0: 00 00 00 00 00 00 00 00 00 00 00 00 00 00 00 00  ................
[   23.767192] Object   ffff8e5081f84cd0: 00 00 00 00 00 00 00 00 00 00 00 00 00 00 00 00  ................
[   23.767192] Object   ffff8e5081f84ce0: 00 00 00 00 00 00 00 00 00 00 00 00 00 00 00 00  ................
[   23.767192] Object   ffff8e5081f84cf0: 00 00 00 00 00 00 00 00 00 00 00 00 00 00 00 00  ................
[   23.767192] Object   ffff8e5081f84d00: 00 00 00 00 00 00 00 00 00 00 00 00 00 00 00 00  ................
[   23.767192] Object   ffff8e5081f84d10: 00 00 00 00 00 00 00 00 00 00 00 00 00 00 00 00  ................
[   23.767192] Object   ffff8e5081f84d20: 00 00 00 00 00 00 00 00 00 00 00 00 00 00 00 00  ................
[   23.767192] Object   ffff8e5081f84d30: 00 00 00 00 00 00 00 00 00 00 00 00 00 00 00 00  ................
[   23.767192] Object   ffff8e5081f84d40: 00 00 00 00 00 00 00 00 00 00 00 00 00 00 00 00  ................
[   23.767192] Object   ffff8e5081f84d50: 00 00 00 00 00 00 00 00 00 00 00 00 00 00 00 00  ................
[   23.767192] Object   ffff8e5081f84d60: 00 00 00 00 00 00 00 00 00 00 00 00 00 00 00 00  ................
[   23.767192] Object   ffff8e5081f84d70: 00 00 00 00 00 00 00 00 00 00 00 00 00 00 00 00  ................
[   23.767192] Object   ffff8e5081f84d80: 00 00 00 00 00 00 00 00 00 00 00 00 00 00 00 00  ................
[   23.767192] Object   ffff8e5081f84d90: 00 00 00 00 00 00 00 00 00 00 00 00 00 00 00 00  ................
[   23.767192] Object   ffff8e5081f84da0: 00 00 00 00 00 00 00 00 00 00 00 00 00 00 00 00  ................
[   23.767192] Object   ffff8e5081f84db0: 00 00 00 00 00 00 00 00 00 00 00 00 00 00 00 00  ................
[   23.767192] Object   ffff8e5081f84dc0: 00 00 00 00 00 00 00 00 00 00 00 00 00 00 00 00  ................
[   23.767192] Object   ffff8e5081f84dd0: 00 00 00 00 00 00 00 00 00 00 00 00 00 00 00 00  ................
[   23.767192] Object   ffff8e5081f84de0: 00 00 00 00 00 00 00 00 00 00 00 00 00 00 00 00  ................
[   23.767192] Object   ffff8e5081f84df0: 00 00 00 00 00 00 00 00 00 00 00 00 00 00 00 00  ................
[   23.767192] Object   ffff8e5081f84e00: 00 00 00 00 00 00 00 00 00 00 00 00 00 00 00 00  ................
[   23.767192] Object   ffff8e5081f84e10: 00 00 00 00 00 00 00 00 00 00 00 00 00 00 00 00  ................
[   23.767192] Object   ffff8e5081f84e20: 00 00 00 00 00 00 00 00 00 00 00 00 00 00 00 00  ................
[   23.767192] Object   ffff8e5081f84e30: 00 00 00 00 00 00 00 00 00 00 00 00 00 00 00 00  ................
[   23.767192] Object   ffff8e5081f84e40: 00 00 00 00 00 00 00 00 00 00 00 00 00 00 00 00  ................
[   23.767192] Object   ffff8e5081f84e50: 00 00 00 00 00 00 00 00 00 00 00 00 00 00 00 00  ................
[   23.767192] Object   ffff8e5081f84e60: 00 00 00 00 00 00 00 00 00 00 00 00 00 00 00 00  ................
[   23.767192] Object   ffff8e5081f84e70: 00 00 00 00 00 00 00 00 00 00 00 00 00 00 00 00  ................
[   23.767192] Object   ffff8e5081f84e80: 00 00 00 00 00 00 00 00 00 00 00 00 00 00 00 00  ................
[   23.767192] Object   ffff8e5081f84e90: 00 00 00 00 00 00 00 00 00 00 00 00 00 00 00 00  ................
[   23.767192] Object   ffff8e5081f84ea0: 00 00 00 00 00 00 00 00 00 00 00 00 00 00 00 00  ................
[   23.767192] Object   ffff8e5081f84eb0: 00 00 00 00 00 00 00 00 00 00 00 00 00 00 00 00  ................
[   23.767192] Object   ffff8e5081f84ec0: 00 00 00 00 00 00 00 00 00 00 00 00 00 00 00 00  ................
[   23.767192] Object   ffff8e5081f84ed0: 00 00 00 00 00 00 00 00 00 00 00 00 00 00 00 00  ................
[   23.767192] Object   ffff8e5081f84ee0: 00 00 00 00 00 00 00 00 00 00 00 00 00 00 00 00  ................
[   23.767192] Object   ffff8e5081f84ef0: 00 00 00 00 00 00 00 00 00 00 00 00 00 00 00 00  ................
[   23.767192] Object   ffff8e5081f84f00: 00 00 00 00 00 00 00 00 00 00 00 00 00 00 00 00  ................
[   23.767192] Object   ffff8e5081f84f10: 00 00 00 00 00 00 00 00 00 00 00 00 00 00 00 00  ................
[   23.767192] Object   ffff8e5081f84f20: 00 00 00 00 00 00 00 00 00 00 00 00 00 00 00 00  ................
[   23.767192] Object   ffff8e5081f84f30: 00 00 00 00 00 00 00 00 00 00 00 00 00 00 00 00  ................
[   23.767192] Object   ffff8e5081f84f40: 00 00 00 00 00 00 00 00 00 00 00 00 00 00 00 00  ................
[   23.767192] Object   ffff8e5081f84f50: 00 00 00 00 00 00 00 00 00 00 00 00 00 00 00 00  ................
[   23.767192] Object   ffff8e5081f84f60: 00 00 00 00 00 00 00 00 00 00 00 00 00 00 00 00  ................
[   23.767192] Object   ffff8e5081f84f70: 00 00 00 00 00 00 00 00 00 00 00 00 00 00 00 00  ................
[   23.767192] Object   ffff8e5081f84f80: 00 00 00 00 00 00 00 00 00 00 00 00 00 00 00 00  ................
[   23.767192] Object   ffff8e5081f84f90: 00 00 00 00 00 00 00 00 00 00 00 00 00 00 00 00  ................
[   23.767192] Object   ffff8e5081f84fa0: 00 00 00 00 00 00 00 00 00 00 00 00 00 00 00 00  ................
[   23.767192] Object   ffff8e5081f84fb0: 00 00 00 00 00 00 00 00 00 00 00 00 00 00 00 00  ................
[   23.767192] Object   ffff8e5081f84fc0: 00 00 00 00 00 00 00 00 00 00 00 00 00 00 00 00  ................
[   23.767192] Object   ffff8e5081f84fd0: 00 00 00 00 00 00 00 00 00 00 00 00 00 00 00 00  ................
[   23.767192] Object   ffff8e5081f84fe0: 00 00 00 00 00 00 00 00 00 00 00 00 00 00 00 00  ................
[   23.767192] Object   ffff8e5081f84ff0: 00 00 00 00 00 00 00 00 00 00 00 00 00 00 00 00  ................
[   23.767192] Redzone  ffff8e5081f85000: bb bb bb bb bb bb bb bb                          ........
[   23.767192] Padding  ffff8e5081f85054: 5a 5a 5a 5a 5a 5a 5a 5a 5a 5a 5a 5a 5a 5a 5a 5a  ZZZZZZZZZZZZZZZZ
[   23.767192] Padding  ffff8e5081f85064: 5a 5a 5a 5a 5a 5a 5a 5a 5a 5a 5a 5a 5a 5a 5a 5a  ZZZZZZZZZZZZZZZZ
[   23.767192] Padding  ffff8e5081f85074: 5a 5a 5a 5a 5a 5a 5a 5a 5a 5a 5a 5a 5a 5a 5a 5a  ZZZZZZZZZZZZZZZZ
[   23.767192] Padding  ffff8e5081f85084: 5a 5a 5a 5a 5a 5a 5a 5a 5a 5a 5a 5a 5a 5a 5a 5a  ZZZZZZZZZZZZZZZZ
[   23.767192] Padding  ffff8e5081f85094: 5a 5a 5a 5a 5a 5a 5a 5a 5a 5a 5a 5a 5a 5a 5a 5a  ZZZZZZZZZZZZZZZZ
[   23.767192] Padding  ffff8e5081f850a4: 5a 5a 5a 5a 5a 5a 5a 5a 5a 5a 5a 5a 5a 5a 5a 5a  ZZZZZZZZZZZZZZZZ
[   23.767192] Padding  ffff8e5081f850b4: 5a 5a 5a 5a 5a 5a 5a 5a 5a 5a 5a 5a 5a 5a 5a 5a  ZZZZZZZZZZZZZZZZ
[   23.767192] Padding  ffff8e5081f850c4: 5a 5a 5a 5a 5a 5a 5a 5a 5a 5a 5a 5a 5a 5a 5a 5a  ZZZZZZZZZZZZZZZZ
[   23.767192] Padding  ffff8e5081f850d4: 5a 5a 5a 5a 5a 5a 5a 5a 5a 5a 5a 5a 5a 5a 5a 5a  ZZZZZZZZZZZZZZZZ
[   23.767192] Padding  ffff8e5081f850e4: 5a 5a 5a 5a 5a 5a 5a 5a 5a 5a 5a 5a 5a 5a 5a 5a  ZZZZZZZZZZZZZZZZ
[   23.767192] Padding  ffff8e5081f850f4: 5a 5a 5a 5a 5a 5a 5a 5a 5a 5a 5a 5a 5a 5a 5a 5a  ZZZZZZZZZZZZZZZZ
[   23.767192] Padding  ffff8e5081f85104: 5a 5a 5a 5a 5a 5a 5a 5a 5a 5a 5a 5a 5a 5a 5a 5a  ZZZZZZZZZZZZZZZZ
[   23.767192] Padding  ffff8e5081f85114: 5a 5a 5a 5a 5a 5a 5a 5a 5a 5a 5a 5a 5a 5a 5a 5a  ZZZZZZZZZZZZZZZZ
[   23.767192] Padding  ffff8e5081f85124: 5a 5a 5a 5a 5a 5a 5a 5a 5a 5a 5a 5a 5a 5a 5a 5a  ZZZZZZZZZZZZZZZZ
[   23.767192] Padding  ffff8e5081f85134: 5a 5a 5a 5a 5a 5a 5a 5a 5a 5a 5a 5a 5a 5a 5a 5a  ZZZZZZZZZZZZZZZZ
[   23.767192] Padding  ffff8e5081f85144: 5a 5a 5a 5a 5a 5a 5a 5a 5a 5a 5a 5a 5a 5a 5a 5a  ZZZZZZZZZZZZZZZZ
[   23.767192] Padding  ffff8e5081f85154: 5a 5a 5a 5a 5a 5a 5a 5a 5a 5a 5a 5a 5a 5a 5a 5a  ZZZZZZZZZZZZZZZZ
[   23.767192] Padding  ffff8e5081f85164: 5a 5a 5a 5a 5a 5a 5a 5a 5a 5a 5a 5a 5a 5a 5a 5a  ZZZZZZZZZZZZZZZZ
[   23.767192] Padding  ffff8e5081f85174: 5a 5a 5a 5a 5a 5a 5a 5a 5a 5a 5a 5a 5a 5a 5a 5a  ZZZZZZZZZZZZZZZZ
[   23.767192] Padding  ffff8e5081f85184: 5a 5a 5a 5a 5a 5a 5a 5a 5a 5a 5a 5a 5a 5a 5a 5a  ZZZZZZZZZZZZZZZZ
[   23.767192] Padding  ffff8e5081f85194: 5a 5a 5a 5a 5a 5a 5a 5a 5a 5a 5a 5a 5a 5a 5a 5a  ZZZZZZZZZZZZZZZZ
[   23.767192] Padding  ffff8e5081f851a4: 5a 5a 5a 5a 5a 5a 5a 5a 5a 5a 5a 5a 5a 5a 5a 5a  ZZZZZZZZZZZZZZZZ
[   23.767192] Padding  ffff8e5081f851b4: 5a 5a 5a 5a 5a 5a 5a 5a 5a 5a 5a 5a 5a 5a 5a 5a  ZZZZZZZZZZZZZZZZ
[   23.767192] Padding  ffff8e5081f851c4: 5a 5a 5a 5a 5a 5a 5a 5a 5a 5a 5a 5a 5a 5a 5a 5a  ZZZZZZZZZZZZZZZZ
[   23.767192] Padding  ffff8e5081f851d4: 5a 5a 5a 5a 5a 5a 5a 5a 5a 5a 5a 5a 5a 5a 5a 5a  ZZZZZZZZZZZZZZZZ
[   23.767192] Padding  ffff8e5081f851e4: 5a 5a 5a 5a 5a 5a 5a 5a 5a 5a 5a 5a 5a 5a 5a 5a  ZZZZZZZZZZZZZZZZ
[   23.767192] Padding  ffff8e5081f851f4: 5a 5a 5a 5a 5a 5a 5a 5a 5a 5a 5a 5a 5a 5a 5a 5a  ZZZZZZZZZZZZZZZZ
[   23.767192] Padding  ffff8e5081f85204: 5a 5a 5a 5a 5a 5a 5a 5a 5a 5a 5a 5a 5a 5a 5a 5a  ZZZZZZZZZZZZZZZZ
[   23.767192] Padding  ffff8e5081f85214: 5a 5a 5a 5a 5a 5a 5a 5a 5a 5a 5a 5a 5a 5a 5a 5a  ZZZZZZZZZZZZZZZZ
[   23.767192] Padding  ffff8e5081f85224: 5a 5a 5a 5a 5a 5a 5a 5a 5a 5a 5a 5a 5a 5a 5a 5a  ZZZZZZZZZZZZZZZZ
[   23.767192] Padding  ffff8e5081f85234: 5a 5a 5a 5a 5a 5a 5a 5a 5a 5a 5a 5a 5a 5a 5a 5a  ZZZZZZZZZZZZZZZZ
[   23.767192] Padding  ffff8e5081f85244: 5a 5a 5a 5a 5a 5a 5a 5a 5a 5a 5a 5a 5a 5a 5a 5a  ZZZZZZZZZZZZZZZZ
[   23.767192] Padding  ffff8e5081f85254: 5a 5a 5a 5a 5a 5a 5a 5a 5a 5a 5a 5a 5a 5a 5a 5a  ZZZZZZZZZZZZZZZZ
[   23.767192] Padding  ffff8e5081f85264: 5a 5a 5a 5a 5a 5a 5a 5a 5a 5a 5a 5a 5a 5a 5a 5a  ZZZZZZZZZZZZZZZZ
[   23.767192] Padding  ffff8e5081f85274: 5a 5a 5a 5a 5a 5a 5a 5a 5a 5a 5a 5a 5a 5a 5a 5a  ZZZZZZZZZZZZZZZZ
[   23.767192] Padding  ffff8e5081f85284: 5a 5a 5a 5a 5a 5a 5a 5a 5a 5a 5a 5a 5a 5a 5a 5a  ZZZZZZZZZZZZZZZZ
[   23.767192] Padding  ffff8e5081f85294: 5a 5a 5a 5a 5a 5a 5a 5a 5a 5a 5a 5a 5a 5a 5a 5a  ZZZZZZZZZZZZZZZZ
[   23.767192] Padding  ffff8e5081f852a4: 5a 5a 5a 5a 5a 5a 5a 5a 5a 5a 5a 5a 5a 5a 5a 5a  ZZZZZZZZZZZZZZZZ
[   23.767192] Padding  ffff8e5081f852b4: 5a 5a 5a 5a 5a 5a 5a 5a 5a 5a 5a 5a 5a 5a 5a 5a  ZZZZZZZZZZZZZZZZ
[   23.767192] Padding  ffff8e5081f852c4: 5a 5a 5a 5a 5a 5a 5a 5a 5a 5a 5a 5a 5a 5a 5a 5a  ZZZZZZZZZZZZZZZZ
[   23.767192] Padding  ffff8e5081f852d4: 5a 5a 5a 5a 5a 5a 5a 5a 5a 5a 5a 5a 5a 5a 5a 5a  ZZZZZZZZZZZZZZZZ
[   23.767192] Padding  ffff8e5081f852e4: 5a 5a 5a 5a 5a 5a 5a 5a 5a 5a 5a 5a 5a 5a 5a 5a  ZZZZZZZZZZZZZZZZ
[   23.767192] Padding  ffff8e5081f852f4: 5a 5a 5a 5a 5a 5a 5a 5a 5a 5a 5a 5a 5a 5a 5a 5a  ZZZZZZZZZZZZZZZZ
[   23.767192] Padding  ffff8e5081f85304: 5a 5a 5a 5a 5a 5a 5a 5a 5a 5a 5a 5a 5a 5a 5a 5a  ZZZZZZZZZZZZZZZZ
[   23.767192] Padding  ffff8e5081f85314: 5a 5a 5a 5a 5a 5a 5a 5a 5a 5a 5a 5a 5a 5a 5a 5a  ZZZZZZZZZZZZZZZZ
[   23.767192] Padding  ffff8e5081f85324: 5a 5a 5a 5a 5a 5a 5a 5a 5a 5a 5a 5a 5a 5a 5a 5a  ZZZZZZZZZZZZZZZZ
[   23.767192] Padding  ffff8e5081f85334: 5a 5a 5a 5a 5a 5a 5a 5a 5a 5a 5a 5a 5a 5a 5a 5a  ZZZZZZZZZZZZZZZZ
[   23.767192] Padding  ffff8e5081f85344: 5a 5a 5a 5a 5a 5a 5a 5a 5a 5a 5a 5a 5a 5a 5a 5a  ZZZZZZZZZZZZZZZZ
[   23.767192] Padding  ffff8e5081f85354: 5a 5a 5a 5a 5a 5a 5a 5a 5a 5a 5a 5a 5a 5a 5a 5a  ZZZZZZZZZZZZZZZZ
[   23.767192] Padding  ffff8e5081f85364: 5a 5a 5a 5a 5a 5a 5a 5a 5a 5a 5a 5a 5a 5a 5a 5a  ZZZZZZZZZZZZZZZZ
[   23.767192] Padding  ffff8e5081f85374: 5a 5a 5a 5a 5a 5a 5a 5a 5a 5a 5a 5a 5a 5a 5a 5a  ZZZZZZZZZZZZZZZZ
[   23.767192] Padding  ffff8e5081f85384: 5a 5a 5a 5a 5a 5a 5a 5a 5a 5a 5a 5a 5a 5a 5a 5a  ZZZZZZZZZZZZZZZZ
[   23.767192] Padding  ffff8e5081f85394: 5a 5a 5a 5a 5a 5a 5a 5a 5a 5a 5a 5a 5a 5a 5a 5a  ZZZZZZZZZZZZZZZZ
[   23.767192] Padding  ffff8e5081f853a4: 5a 5a 5a 5a 5a 5a 5a 5a 5a 5a 5a 5a 5a 5a 5a 5a  ZZZZZZZZZZZZZZZZ
[   23.767192] Padding  ffff8e5081f853b4: 5a 5a 5a 5a 5a 5a 5a 5a 5a 5a 5a 5a 5a 5a 5a 5a  ZZZZZZZZZZZZZZZZ
[   23.767192] Padding  ffff8e5081f853c4: 5a 5a 5a 5a 5a 5a 5a 5a 5a 5a 5a 5a 5a 5a 5a 5a  ZZZZZZZZZZZZZZZZ
[   23.767192] Padding  ffff8e5081f853d4: 5a 5a 5a 5a 5a 5a 5a 5a 5a 5a 5a 5a 5a 5a 5a 5a  ZZZZZZZZZZZZZZZZ
[   23.767192] Padding  ffff8e5081f853e4: 5a 5a 5a 5a 5a 5a 5a 5a 5a 5a 5a 5a 5a 5a 5a 5a  ZZZZZZZZZZZZZZZZ
[   23.767192] Padding  ffff8e5081f853f4: 5a 5a 5a 5a 5a 5a 5a 5a 5a 5a 5a 5a 5a 5a 5a 5a  ZZZZZZZZZZZZZZZZ
[   23.767192] Padding  ffff8e5081f85404: 5a 5a 5a 5a 5a 5a 5a 5a 5a 5a 5a 5a 5a 5a 5a 5a  ZZZZZZZZZZZZZZZZ
[   23.767192] Padding  ffff8e5081f85414: 5a 5a 5a 5a 5a 5a 5a 5a 5a 5a 5a 5a 5a 5a 5a 5a  ZZZZZZZZZZZZZZZZ
[   23.767192] Padding  ffff8e5081f85424: 5a 5a 5a 5a 5a 5a 5a 5a 5a 5a 5a 5a 5a 5a 5a 5a  ZZZZZZZZZZZZZZZZ
[   23.767192] Padding  ffff8e5081f85434: 5a 5a 5a 5a 5a 5a 5a 5a 5a 5a 5a 5a 5a 5a 5a 5a  ZZZZZZZZZZZZZZZZ
[   23.767192] Padding  ffff8e5081f85444: 5a 5a 5a 5a 5a 5a 5a 5a 5a 5a 5a 5a 5a 5a 5a 5a  ZZZZZZZZZZZZZZZZ
[   23.767192] Padding  ffff8e5081f85454: 5a 5a 5a 5a 5a 5a 5a 5a 5a 5a 5a 5a 5a 5a 5a 5a  ZZZZZZZZZZZZZZZZ
[   23.767192] Padding  ffff8e5081f85464: 5a 5a 5a 5a 5a 5a 5a 5a 5a 5a 5a 5a 5a 5a 5a 5a  ZZZZZZZZZZZZZZZZ
[   23.767192] Padding  ffff8e5081f85474: 5a 5a 5a 5a 5a 5a 5a 5a 5a 5a 5a 5a 5a 5a 5a 5a  ZZZZZZZZZZZZZZZZ
[   23.767192] Padding  ffff8e5081f85484: 5a 5a 5a 5a 5a 5a 5a 5a 5a 5a 5a 5a 5a 5a 5a 5a  ZZZZZZZZZZZZZZZZ
[   23.767192] Padding  ffff8e5081f85494: 5a 5a 5a 5a 5a 5a 5a 5a 5a 5a 5a 5a 5a 5a 5a 5a  ZZZZZZZZZZZZZZZZ
[   23.767192] Padding  ffff8e5081f854a4: 5a 5a 5a 5a 5a 5a 5a 5a 5a 5a 5a 5a 5a 5a 5a 5a  ZZZZZZZZZZZZZZZZ
[   23.767192] Padding  ffff8e5081f854b4: 5a 5a 5a 5a 5a 5a 5a 5a 5a 5a 5a 5a 5a 5a 5a 5a  ZZZZZZZZZZZZZZZZ
[   23.767192] Padding  ffff8e5081f854c4: 5a 5a 5a 5a 5a 5a 5a 5a 5a 5a 5a 5a 5a 5a 5a 5a  ZZZZZZZZZZZZZZZZ
[   23.767192] Padding  ffff8e5081f854d4: 5a 5a 5a 5a 5a 5a 5a 5a 5a 5a 5a 5a 5a 5a 5a 5a  ZZZZZZZZZZZZZZZZ
[   23.767192] Padding  ffff8e5081f854e4: 5a 5a 5a 5a 5a 5a 5a 5a 5a 5a 5a 5a 5a 5a 5a 5a  ZZZZZZZZZZZZZZZZ
[   23.767192] Padding  ffff8e5081f854f4: 5a 5a 5a 5a 5a 5a 5a 5a 5a 5a 5a 5a 5a 5a 5a 5a  ZZZZZZZZZZZZZZZZ
[   23.767192] Padding  ffff8e5081f85504: 5a 5a 5a 5a 5a 5a 5a 5a 5a 5a 5a 5a 5a 5a 5a 5a  ZZZZZZZZZZZZZZZZ
[   23.767192] Padding  ffff8e5081f85514: 5a 5a 5a 5a 5a 5a 5a 5a 5a 5a 5a 5a 5a 5a 5a 5a  ZZZZZZZZZZZZZZZZ
[   23.767192] Padding  ffff8e5081f85524: 5a 5a 5a 5a 5a 5a 5a 5a 5a 5a 5a 5a 5a 5a 5a 5a  ZZZZZZZZZZZZZZZZ
[   23.767192] Padding  ffff8e5081f85534: 5a 5a 5a 5a 5a 5a 5a 5a 5a 5a 5a 5a 5a 5a 5a 5a  ZZZZZZZZZZZZZZZZ
[   23.767192] Padding  ffff8e5081f85544: 5a 5a 5a 5a 5a 5a 5a 5a 5a 5a 5a 5a 5a 5a 5a 5a  ZZZZZZZZZZZZZZZZ
[   23.767192] Padding  ffff8e5081f85554: 5a 5a 5a 5a 5a 5a 5a 5a 5a 5a 5a 5a 5a 5a 5a 5a  ZZZZZZZZZZZZZZZZ
[   23.767192] Padding  ffff8e5081f85564: 5a 5a 5a 5a 5a 5a 5a 5a 5a 5a 5a 5a 5a 5a 5a 5a  ZZZZZZZZZZZZZZZZ
[   23.767192] Padding  ffff8e5081f85574: 5a 5a 5a 5a 5a 5a 5a 5a 5a 5a 5a 5a 5a 5a 5a 5a  ZZZZZZZZZZZZZZZZ
[   23.767192] Padding  ffff8e5081f85584: 5a 5a 5a 5a 5a 5a 5a 5a 5a 5a 5a 5a 5a 5a 5a 5a  ZZZZZZZZZZZZZZZZ
[   23.767192] Padding  ffff8e5081f85594: 5a 5a 5a 5a 5a 5a 5a 5a 5a 5a 5a 5a 5a 5a 5a 5a  ZZZZZZZZZZZZZZZZ
[   23.767192] Padding  ffff8e5081f855a4: 5a 5a 5a 5a 5a 5a 5a 5a 5a 5a 5a 5a 5a 5a 5a 5a  ZZZZZZZZZZZZZZZZ
[   23.767192] Padding  ffff8e5081f855b4: 5a 5a 5a 5a 5a 5a 5a 5a 5a 5a 5a 5a 5a 5a 5a 5a  ZZZZZZZZZZZZZZZZ
[   23.767192] Padding  ffff8e5081f855c4: 5a 5a 5a 5a 5a 5a 5a 5a 5a 5a 5a 5a 5a 5a 5a 5a  ZZZZZZZZZZZZZZZZ
[   23.767192] Padding  ffff8e5081f855d4: 5a 5a 5a 5a 5a 5a 5a 5a 5a 5a 5a 5a 5a 5a 5a 5a  ZZZZZZZZZZZZZZZZ
[   23.767192] Padding  ffff8e5081f855e4: 5a 5a 5a 5a 5a 5a 5a 5a 5a 5a 5a 5a 5a 5a 5a 5a  ZZZZZZZZZZZZZZZZ
[   23.767192] Padding  ffff8e5081f855f4: 5a 5a 5a 5a 5a 5a 5a 5a 5a 5a 5a 5a 5a 5a 5a 5a  ZZZZZZZZZZZZZZZZ
[   23.767192] Padding  ffff8e5081f85604: 5a 5a 5a 5a 5a 5a 5a 5a 5a 5a 5a 5a 5a 5a 5a 5a  ZZZZZZZZZZZZZZZZ
[   23.767192] Padding  ffff8e5081f85614: 5a 5a 5a 5a 5a 5a 5a 5a 5a 5a 5a 5a 5a 5a 5a 5a  ZZZZZZZZZZZZZZZZ
[   23.767192] Padding  ffff8e5081f85624: 5a 5a 5a 5a 5a 5a 5a 5a 5a 5a 5a 5a 5a 5a 5a 5a  ZZZZZZZZZZZZZZZZ
[   23.767192] Padding  ffff8e5081f85634: 5a 5a 5a 5a 5a 5a 5a 5a 5a 5a 5a 5a 5a 5a 5a 5a  ZZZZZZZZZZZZZZZZ
[   23.767192] Padding  ffff8e5081f85644: 5a 5a 5a 5a 5a 5a 5a 5a 5a 5a 5a 5a 5a 5a 5a 5a  ZZZZZZZZZZZZZZZZ
[   23.767192] Padding  ffff8e5081f85654: 5a 5a 5a 5a 5a 5a 5a 5a 5a 5a 5a 5a 5a 5a 5a 5a  ZZZZZZZZZZZZZZZZ
[   23.767192] Padding  ffff8e5081f85664: 5a 5a 5a 5a 5a 5a 5a 5a 5a 5a 5a 5a 5a 5a 5a 5a  ZZZZZZZZZZZZZZZZ
[   23.767192] Padding  ffff8e5081f85674: 5a 5a 5a 5a 5a 5a 5a 5a 5a 5a 5a 5a 5a 5a 5a 5a  ZZZZZZZZZZZZZZZZ
[   23.767192] Padding  ffff8e5081f85684: 5a 5a 5a 5a 5a 5a 5a 5a 5a 5a 5a 5a 5a 5a 5a 5a  ZZZZZZZZZZZZZZZZ
[   23.767192] Padding  ffff8e5081f85694: 5a 5a 5a 5a 5a 5a 5a 5a 5a 5a 5a 5a 5a 5a 5a 5a  ZZZZZZZZZZZZZZZZ
[   23.767192] Padding  ffff8e5081f856a4: 5a 5a 5a 5a 5a 5a 5a 5a 5a 5a 5a 5a 5a 5a 5a 5a  ZZZZZZZZZZZZZZZZ
[   23.767192] Padding  ffff8e5081f856b4: 5a 5a 5a 5a 5a 5a 5a 5a 5a 5a 5a 5a 5a 5a 5a 5a  ZZZZZZZZZZZZZZZZ
[   23.767192] Padding  ffff8e5081f856c4: 5a 5a 5a 5a 5a 5a 5a 5a 5a 5a 5a 5a 5a 5a 5a 5a  ZZZZZZZZZZZZZZZZ
[   23.767192] Padding  ffff8e5081f856d4: 5a 5a 5a 5a 5a 5a 5a 5a 5a 5a 5a 5a 5a 5a 5a 5a  ZZZZZZZZZZZZZZZZ
[   23.767192] Padding  ffff8e5081f856e4: 5a 5a 5a 5a 5a 5a 5a 5a 5a 5a 5a 5a 5a 5a 5a 5a  ZZZZZZZZZZZZZZZZ
[   23.767192] Padding  ffff8e5081f856f4: 5a 5a 5a 5a 5a 5a 5a 5a 5a 5a 5a 5a 5a 5a 5a 5a  ZZZZZZZZZZZZZZZZ
[   23.767192] Padding  ffff8e5081f85704: 5a 5a 5a 5a 5a 5a 5a 5a 5a 5a 5a 5a 5a 5a 5a 5a  ZZZZZZZZZZZZZZZZ
[   23.767192] Padding  ffff8e5081f85714: 5a 5a 5a 5a 5a 5a 5a 5a 5a 5a 5a 5a 5a 5a 5a 5a  ZZZZZZZZZZZZZZZZ
[   23.767192] Padding  ffff8e5081f85724: 5a 5a 5a 5a 5a 5a 5a 5a 5a 5a 5a 5a 5a 5a 5a 5a  ZZZZZZZZZZZZZZZZ
[   23.767192] Padding  ffff8e5081f85734: 5a 5a 5a 5a 5a 5a 5a 5a 5a 5a 5a 5a 5a 5a 5a 5a  ZZZZZZZZZZZZZZZZ
[   23.767192] Padding  ffff8e5081f85744: 5a 5a 5a 5a 5a 5a 5a 5a 5a 5a 5a 5a 5a 5a 5a 5a  ZZZZZZZZZZZZZZZZ
[   23.767192] Padding  ffff8e5081f85754: 5a 5a 5a 5a 5a 5a 5a 5a 5a 5a 5a 5a 5a 5a 5a 5a  ZZZZZZZZZZZZZZZZ
[   23.767192] Padding  ffff8e5081f85764: 5a 5a 5a 5a 5a 5a 5a 5a 5a 5a 5a 5a 5a 5a 5a 5a  ZZZZZZZZZZZZZZZZ
[   23.767192] Padding  ffff8e5081f85774: 5a 5a 5a 5a 5a 5a 5a 5a 5a 5a 5a 5a 5a 5a 5a 5a  ZZZZZZZZZZZZZZZZ
[   23.767192] Padding  ffff8e5081f85784: 5a 5a 5a 5a 5a 5a 5a 5a 5a 5a 5a 5a 5a 5a 5a 5a  ZZZZZZZZZZZZZZZZ
[   23.767192] Padding  ffff8e5081f85794: 5a 5a 5a 5a 5a 5a 5a 5a 5a 5a 5a 5a 5a 5a 5a 5a  ZZZZZZZZZZZZZZZZ
[   23.767192] Padding  ffff8e5081f857a4: 5a 5a 5a 5a 5a 5a 5a 5a 5a 5a 5a 5a 5a 5a 5a 5a  ZZZZZZZZZZZZZZZZ
[   23.767192] Padding  ffff8e5081f857b4: 5a 5a 5a 5a 5a 5a 5a 5a 5a 5a 5a 5a 5a 5a 5a 5a  ZZZZZZZZZZZZZZZZ
[   23.767192] Padding  ffff8e5081f857c4: 5a 5a 5a 5a 5a 5a 5a 5a 5a 5a 5a 5a 5a 5a 5a 5a  ZZZZZZZZZZZZZZZZ
[   23.767192] Padding  ffff8e5081f857d4: 5a 5a 5a 5a 5a 5a 5a 5a 5a 5a 5a 5a 5a 5a 5a 5a  ZZZZZZZZZZZZZZZZ
[   23.767192] Padding  ffff8e5081f857e4: 5a 5a 5a 5a 5a 5a 5a 5a 5a 5a 5a 5a 5a 5a 5a 5a  ZZZZZZZZZZZZZZZZ
[   23.767192] Padding  ffff8e5081f857f4: 5a 5a 5a 5a 5a 5a 5a 5a 5a 5a 5a 5a 5a 5a 5a 5a  ZZZZZZZZZZZZZZZZ
[   23.767192] Padding  ffff8e5081f85804: 5a 5a 5a 5a 5a 5a 5a 5a 5a 5a 5a 5a 5a 5a 5a 5a  ZZZZZZZZZZZZZZZZ
[   23.767192] Padding  ffff8e5081f85814: 5a 5a 5a 5a 5a 5a 5a 5a 5a 5a 5a 5a 5a 5a 5a 5a  ZZZZZZZZZZZZZZZZ
[   23.767192] Padding  ffff8e5081f85824: 5a 5a 5a 5a 5a 5a 5a 5a 5a 5a 5a 5a 5a 5a 5a 5a  ZZZZZZZZZZZZZZZZ
[   23.767192] Padding  ffff8e5081f85834: 5a 5a 5a 5a 5a 5a 5a 5a 5a 5a 5a 5a 5a 5a 5a 5a  ZZZZZZZZZZZZZZZZ
[   23.767192] Padding  ffff8e5081f85844: 5a 5a 5a 5a 5a 5a 5a 5a 5a 5a 5a 5a 5a 5a 5a 5a  ZZZZZZZZZZZZZZZZ
[   23.767192] Padding  ffff8e5081f85854: 5a 5a 5a 5a 5a 5a 5a 5a 5a 5a 5a 5a 5a 5a 5a 5a  ZZZZZZZZZZZZZZZZ
[   23.767192] Padding  ffff8e5081f85864: 5a 5a 5a 5a 5a 5a 5a 5a 5a 5a 5a 5a 5a 5a 5a 5a  ZZZZZZZZZZZZZZZZ
[   23.767192] Padding  ffff8e5081f85874: 5a 5a 5a 5a 5a 5a 5a 5a 5a 5a 5a 5a 5a 5a 5a 5a  ZZZZZZZZZZZZZZZZ
[   23.767192] Padding  ffff8e5081f85884: 5a 5a 5a 5a 5a 5a 5a 5a 5a 5a 5a 5a 5a 5a 5a 5a  ZZZZZZZZZZZZZZZZ
[   23.767192] Padding  ffff8e5081f85894: 5a 5a 5a 5a 5a 5a 5a 5a 5a 5a 5a 5a 5a 5a 5a 5a  ZZZZZZZZZZZZZZZZ
[   23.767192] Padding  ffff8e5081f858a4: 5a 5a 5a 5a 5a 5a 5a 5a 5a 5a 5a 5a 5a 5a 5a 5a  ZZZZZZZZZZZZZZZZ
[   23.767192] Padding  ffff8e5081f858b4: 5a 5a 5a 5a 5a 5a 5a 5a 5a 5a 5a 5a 5a 5a 5a 5a  ZZZZZZZZZZZZZZZZ
[   23.767192] Padding  ffff8e5081f858c4: 5a 5a 5a 5a 5a 5a 5a 5a 5a 5a 5a 5a 5a 5a 5a 5a  ZZZZZZZZZZZZZZZZ
[   23.767192] Padding  ffff8e5081f858d4: 5a 5a 5a 5a 5a 5a 5a 5a 5a 5a 5a 5a 5a 5a 5a 5a  ZZZZZZZZZZZZZZZZ
[   23.767192] Padding  ffff8e5081f858e4: 5a 5a 5a 5a 5a 5a 5a 5a 5a 5a 5a 5a 5a 5a 5a 5a  ZZZZZZZZZZZZZZZZ
[   23.767192] Padding  ffff8e5081f858f4: 5a 5a 5a 5a 5a 5a 5a 5a 5a 5a 5a 5a 5a 5a 5a 5a  ZZZZZZZZZZZZZZZZ
[   23.767192] Padding  ffff8e5081f85904: 5a 5a 5a 5a 5a 5a 5a 5a 5a 5a 5a 5a 5a 5a 5a 5a  ZZZZZZZZZZZZZZZZ
[   23.767192] Padding  ffff8e5081f85914: 5a 5a 5a 5a 5a 5a 5a 5a 5a 5a 5a 5a 5a 5a 5a 5a  ZZZZZZZZZZZZZZZZ
[   23.767192] Padding  ffff8e5081f85924: 5a 5a 5a 5a 5a 5a 5a 5a 5a 5a 5a 5a 5a 5a 5a 5a  ZZZZZZZZZZZZZZZZ
[   23.767192] Padding  ffff8e5081f85934: 5a 5a 5a 5a 5a 5a 5a 5a 5a 5a 5a 5a 5a 5a 5a 5a  ZZZZZZZZZZZZZZZZ
[   23.767192] Padding  ffff8e5081f85944: 5a 5a 5a 5a 5a 5a 5a 5a 5a 5a 5a 5a 5a 5a 5a 5a  ZZZZZZZZZZZZZZZZ
[   23.767192] Padding  ffff8e5081f85954: 5a 5a 5a 5a 5a 5a 5a 5a 5a 5a 5a 5a 5a 5a 5a 5a  ZZZZZZZZZZZZZZZZ
[   23.767192] Padding  ffff8e5081f85964: 5a 5a 5a 5a 5a 5a 5a 5a 5a 5a 5a 5a 5a 5a 5a 5a  ZZZZZZZZZZZZZZZZ
[   23.767192] Padding  ffff8e5081f85974: 5a 5a 5a 5a 5a 5a 5a 5a 5a 5a 5a 5a 5a 5a 5a 5a  ZZZZZZZZZZZZZZZZ
[   23.767192] Padding  ffff8e5081f85984: 5a 5a 5a 5a 5a 5a 5a 5a 5a 5a 5a 5a 5a 5a 5a 5a  ZZZZZZZZZZZZZZZZ
[   23.767192] Padding  ffff8e5081f85994: 5a 5a 5a 5a 5a 5a 5a 5a 5a 5a 5a 5a 5a 5a 5a 5a  ZZZZZZZZZZZZZZZZ
[   23.767192] Padding  ffff8e5081f859a4: 5a 5a 5a 5a 5a 5a 5a 5a 5a 5a 5a 5a 5a 5a 5a 5a  ZZZZZZZZZZZZZZZZ
[   23.767192] Padding  ffff8e5081f859b4: 5a 5a 5a 5a 5a 5a 5a 5a 5a 5a 5a 5a 5a 5a 5a 5a  ZZZZZZZZZZZZZZZZ
[   23.767192] Padding  ffff8e5081f859c4: 5a 5a 5a 5a 5a 5a 5a 5a 5a 5a 5a 5a 5a 5a 5a 5a  ZZZZZZZZZZZZZZZZ
[   23.767192] Padding  ffff8e5081f859d4: 5a 5a 5a 5a 5a 5a 5a 5a 5a 5a 5a 5a 5a 5a 5a 5a  ZZZZZZZZZZZZZZZZ
[   23.767192] Padding  ffff8e5081f859e4: 5a 5a 5a 5a 5a 5a 5a 5a 5a 5a 5a 5a 5a 5a 5a 5a  ZZZZZZZZZZZZZZZZ
[   23.767192] Padding  ffff8e5081f859f4: 5a 5a 5a 5a 5a 5a 5a 5a 5a 5a 5a 5a 5a 5a 5a 5a  ZZZZZZZZZZZZZZZZ
[   23.767192] Padding  ffff8e5081f85a04: 5a 5a 5a 5a 5a 5a 5a 5a 5a 5a 5a 5a 5a 5a 5a 5a  ZZZZZZZZZZZZZZZZ
[   23.767192] Padding  ffff8e5081f85a14: 5a 5a 5a 5a 5a 5a 5a 5a 5a 5a 5a 5a 5a 5a 5a 5a  ZZZZZZZZZZZZZZZZ
[   23.767192] Padding  ffff8e5081f85a24: 5a 5a 5a 5a 5a 5a 5a 5a 5a 5a 5a 5a 5a 5a 5a 5a  ZZZZZZZZZZZZZZZZ
[   23.767192] Padding  ffff8e5081f85a34: 5a 5a 5a 5a 5a 5a 5a 5a 5a 5a 5a 5a 5a 5a 5a 5a  ZZZZZZZZZZZZZZZZ
[   23.767192] Padding  ffff8e5081f85a44: 5a 5a 5a 5a 5a 5a 5a 5a 5a 5a 5a 5a 5a 5a 5a 5a  ZZZZZZZZZZZZZZZZ
[   23.767192] Padding  ffff8e5081f85a54: 5a 5a 5a 5a 5a 5a 5a 5a 5a 5a 5a 5a 5a 5a 5a 5a  ZZZZZZZZZZZZZZZZ
[   23.767192] Padding  ffff8e5081f85a64: 5a 5a 5a 5a 5a 5a 5a 5a 5a 5a 5a 5a 5a 5a 5a 5a  ZZZZZZZZZZZZZZZZ
[   23.767192] Padding  ffff8e5081f85a74: 5a 5a 5a 5a 5a 5a 5a 5a 5a 5a 5a 5a 5a 5a 5a 5a  ZZZZZZZZZZZZZZZZ
[   23.767192] Padding  ffff8e5081f85a84: 5a 5a 5a 5a 5a 5a 5a 5a 5a 5a 5a 5a 5a 5a 5a 5a  ZZZZZZZZZZZZZZZZ
[   23.767192] Padding  ffff8e5081f85a94: 5a 5a 5a 5a 5a 5a 5a 5a 5a 5a 5a 5a 5a 5a 5a 5a  ZZZZZZZZZZZZZZZZ
[   23.767192] Padding  ffff8e5081f85aa4: 5a 5a 5a 5a 5a 5a 5a 5a 5a 5a 5a 5a 5a 5a 5a 5a  ZZZZZZZZZZZZZZZZ
[   23.767192] Padding  ffff8e5081f85ab4: 5a 5a 5a 5a 5a 5a 5a 5a 5a 5a 5a 5a 5a 5a 5a 5a  ZZZZZZZZZZZZZZZZ
[   23.767192] Padding  ffff8e5081f85ac4: 5a 5a 5a 5a 5a 5a 5a 5a 5a 5a 5a 5a 5a 5a 5a 5a  ZZZZZZZZZZZZZZZZ
[   23.767192] Padding  ffff8e5081f85ad4: 5a 5a 5a 5a 5a 5a 5a 5a 5a 5a 5a 5a 5a 5a 5a 5a  ZZZZZZZZZZZZZZZZ
[   23.767192] Padding  ffff8e5081f85ae4: 5a 5a 5a 5a 5a 5a 5a 5a 5a 5a 5a 5a 5a 5a 5a 5a  ZZZZZZZZZZZZZZZZ
[   23.767192] Padding  ffff8e5081f85af4: 5a 5a 5a 5a 5a 5a 5a 5a 5a 5a 5a 5a 5a 5a 5a 5a  ZZZZZZZZZZZZZZZZ
[   23.767192] Padding  ffff8e5081f85b04: 5a 5a 5a 5a 5a 5a 5a 5a 5a 5a 5a 5a 5a 5a 5a 5a  ZZZZZZZZZZZZZZZZ
[   23.767192] Padding  ffff8e5081f85b14: 5a 5a 5a 5a 5a 5a 5a 5a 5a 5a 5a 5a 5a 5a 5a 5a  ZZZZZZZZZZZZZZZZ
[   23.767192] Padding  ffff8e5081f85b24: 5a 5a 5a 5a 5a 5a 5a 5a 5a 5a 5a 5a 5a 5a 5a 5a  ZZZZZZZZZZZZZZZZ
[   23.767192] Padding  ffff8e5081f85b34: 5a 5a 5a 5a 5a 5a 5a 5a 5a 5a 5a 5a 5a 5a 5a 5a  ZZZZZZZZZZZZZZZZ
[   23.767192] Padding  ffff8e5081f85b44: 5a 5a 5a 5a 5a 5a 5a 5a 5a 5a 5a 5a 5a 5a 5a 5a  ZZZZZZZZZZZZZZZZ
[   23.767192] Padding  ffff8e5081f85b54: 5a 5a 5a 5a 5a 5a 5a 5a 5a 5a 5a 5a 5a 5a 5a 5a  ZZZZZZZZZZZZZZZZ
[   23.767192] Padding  ffff8e5081f85b64: 5a 5a 5a 5a 5a 5a 5a 5a 5a 5a 5a 5a 5a 5a 5a 5a  ZZZZZZZZZZZZZZZZ
[   23.767192] Padding  ffff8e5081f85b74: 5a 5a 5a 5a 5a 5a 5a 5a 5a 5a 5a 5a 5a 5a 5a 5a  ZZZZZZZZZZZZZZZZ
[   23.767192] Padding  ffff8e5081f85b84: 5a 5a 5a 5a 5a 5a 5a 5a 5a 5a 5a 5a 5a 5a 5a 5a  ZZZZZZZZZZZZZZZZ
[   23.767192] Padding  ffff8e5081f85b94: 5a 5a 5a 5a 5a 5a 5a 5a 5a 5a 5a 5a 5a 5a 5a 5a  ZZZZZZZZZZZZZZZZ
[   23.767192] Padding  ffff8e5081f85ba4: 5a 5a 5a 5a 5a 5a 5a 5a 5a 5a 5a 5a 5a 5a 5a 5a  ZZZZZZZZZZZZZZZZ
[   23.767192] Padding  ffff8e5081f85bb4: 5a 5a 5a 5a 5a 5a 5a 5a 5a 5a 5a 5a 5a 5a 5a 5a  ZZZZZZZZZZZZZZZZ
[   23.767192] Padding  ffff8e5081f85bc4: 5a 5a 5a 5a 5a 5a 5a 5a 5a 5a 5a 5a 5a 5a 5a 5a  ZZZZZZZZZZZZZZZZ
[   23.767192] Padding  ffff8e5081f85bd4: 5a 5a 5a 5a 5a 5a 5a 5a 5a 5a 5a 5a 5a 5a 5a 5a  ZZZZZZZZZZZZZZZZ
[   23.767192] Padding  ffff8e5081f85be4: 5a 5a 5a 5a 5a 5a 5a 5a 5a 5a 5a 5a 5a 5a 5a 5a  ZZZZZZZZZZZZZZZZ
[   23.767192] Padding  ffff8e5081f85bf4: 5a 5a 5a 5a 5a 5a 5a 5a 5a 5a 5a 5a 5a 5a 5a 5a  ZZZZZZZZZZZZZZZZ
[   23.767192] Padding  ffff8e5081f85c04: 5a 5a 5a 5a 5a 5a 5a 5a 5a 5a 5a 5a 5a 5a 5a 5a  ZZZZZZZZZZZZZZZZ
[   23.767192] Padding  ffff8e5081f85c14: 5a 5a 5a 5a 5a 5a 5a 5a 5a 5a 5a 5a 5a 5a 5a 5a  ZZZZZZZZZZZZZZZZ
[   23.767192] Padding  ffff8e5081f85c24: 5a 5a 5a 5a 5a 5a 5a 5a 5a 5a 5a 5a 5a 5a 5a 5a  ZZZZZZZZZZZZZZZZ
[   23.767192] Padding  ffff8e5081f85c34: 5a 5a 5a 5a 5a 5a 5a 5a 5a 5a 5a 5a 5a 5a 5a 5a  ZZZZZZZZZZZZZZZZ
[   23.767192] Padding  ffff8e5081f85c44: 5a 5a 5a 5a 5a 5a 5a 5a 5a 5a 5a 5a 5a 5a 5a 5a  ZZZZZZZZZZZZZZZZ
[   23.767192] Padding  ffff8e5081f85c54: 5a 5a 5a 5a 5a 5a 5a 5a 5a 5a 5a 5a 5a 5a 5a 5a  ZZZZZZZZZZZZZZZZ
[   23.767192] Padding  ffff8e5081f85c64: 5a 5a 5a 5a 5a 5a 5a 5a 5a 5a 5a 5a 5a 5a 5a 5a  ZZZZZZZZZZZZZZZZ
[   23.767192] Padding  ffff8e5081f85c74: 5a 5a 5a 5a 5a 5a 5a 5a 5a 5a 5a 5a 5a 5a 5a 5a  ZZZZZZZZZZZZZZZZ
[   23.767192] Padding  ffff8e5081f85c84: 5a 5a 5a 5a 5a 5a 5a 5a 5a 5a 5a 5a 5a 5a 5a 5a  ZZZZZZZZZZZZZZZZ
[   23.767192] Padding  ffff8e5081f85c94: 5a 5a 5a 5a 5a 5a 5a 5a 5a 5a 5a 5a 5a 5a 5a 5a  ZZZZZZZZZZZZZZZZ
[   23.767192] Padding  ffff8e5081f85ca4: 5a 5a 5a 5a 5a 5a 5a 5a 5a 5a 5a 5a 5a 5a 5a 5a  ZZZZZZZZZZZZZZZZ
[   23.767192] Padding  ffff8e5081f85cb4: 5a 5a 5a 5a 5a 5a 5a 5a 5a 5a 5a 5a 5a 5a 5a 5a  ZZZZZZZZZZZZZZZZ
[   23.767192] Padding  ffff8e5081f85cc4: 5a 5a 5a 5a 5a 5a 5a 5a 5a 5a 5a 5a 5a 5a 5a 5a  ZZZZZZZZZZZZZZZZ
[   23.767192] Padding  ffff8e5081f85cd4: 5a 5a 5a 5a 5a 5a 5a 5a 5a 5a 5a 5a 5a 5a 5a 5a  ZZZZZZZZZZZZZZZZ
[   23.767192] Padding  ffff8e5081f85ce4: 5a 5a 5a 5a 5a 5a 5a 5a 5a 5a 5a 5a 5a 5a 5a 5a  ZZZZZZZZZZZZZZZZ
[   23.767192] Padding  ffff8e5081f85cf4: 5a 5a 5a 5a 5a 5a 5a 5a 5a 5a 5a 5a 5a 5a 5a 5a  ZZZZZZZZZZZZZZZZ
[   23.767192] Padding  ffff8e5081f85d04: 5a 5a 5a 5a 5a 5a 5a 5a 5a 5a 5a 5a 5a 5a 5a 5a  ZZZZZZZZZZZZZZZZ
[   23.767192] Padding  ffff8e5081f85d14: 5a 5a 5a 5a 5a 5a 5a 5a 5a 5a 5a 5a 5a 5a 5a 5a  ZZZZZZZZZZZZZZZZ
[   23.767192] Padding  ffff8e5081f85d24: 5a 5a 5a 5a 5a 5a 5a 5a 5a 5a 5a 5a 5a 5a 5a 5a  ZZZZZZZZZZZZZZZZ
[   23.767192] Padding  ffff8e5081f85d34: 5a 5a 5a 5a 5a 5a 5a 5a 5a 5a 5a 5a 5a 5a 5a 5a  ZZZZZZZZZZZZZZZZ
[   23.767192] Padding  ffff8e5081f85d44: 5a 5a 5a 5a 5a 5a 5a 5a 5a 5a 5a 5a 5a 5a 5a 5a  ZZZZZZZZZZZZZZZZ
[   23.767192] Padding  ffff8e5081f85d54: 5a 5a 5a 5a 5a 5a 5a 5a 5a 5a 5a 5a 5a 5a 5a 5a  ZZZZZZZZZZZZZZZZ
[   23.767192] Padding  ffff8e5081f85d64: 5a 5a 5a 5a 5a 5a 5a 5a 5a 5a 5a 5a 5a 5a 5a 5a  ZZZZZZZZZZZZZZZZ
[   23.767192] Padding  ffff8e5081f85d74: 5a 5a 5a 5a 5a 5a 5a 5a 5a 5a 5a 5a 5a 5a 5a 5a  ZZZZZZZZZZZZZZZZ
[   23.767192] Padding  ffff8e5081f85d84: 5a 5a 5a 5a 5a 5a 5a 5a 5a 5a 5a 5a 5a 5a 5a 5a  ZZZZZZZZZZZZZZZZ
[   23.767192] Padding  ffff8e5081f85d94: 5a 5a 5a 5a 5a 5a 5a 5a 5a 5a 5a 5a 5a 5a 5a 5a  ZZZZZZZZZZZZZZZZ
[   23.767192] Padding  ffff8e5081f85da4: 5a 5a 5a 5a 5a 5a 5a 5a 5a 5a 5a 5a 5a 5a 5a 5a  ZZZZZZZZZZZZZZZZ
[   23.767192] Padding  ffff8e5081f85db4: 5a 5a 5a 5a 5a 5a 5a 5a 5a 5a 5a 5a 5a 5a 5a 5a  ZZZZZZZZZZZZZZZZ
[   23.767192] Padding  ffff8e5081f85dc4: 5a 5a 5a 5a 5a 5a 5a 5a 5a 5a 5a 5a 5a 5a 5a 5a  ZZZZZZZZZZZZZZZZ
[   23.767192] Padding  ffff8e5081f85dd4: 5a 5a 5a 5a 5a 5a 5a 5a 5a 5a 5a 5a 5a 5a 5a 5a  ZZZZZZZZZZZZZZZZ
[   23.767192] Padding  ffff8e5081f85de4: 5a 5a 5a 5a 5a 5a 5a 5a 5a 5a 5a 5a 5a 5a 5a 5a  ZZZZZZZZZZZZZZZZ
[   23.767192] Padding  ffff8e5081f85df4: 5a 5a 5a 5a 5a 5a 5a 5a 5a 5a 5a 5a 5a 5a 5a 5a  ZZZZZZZZZZZZZZZZ
[   23.767192] Padding  ffff8e5081f85e04: 5a 5a 5a 5a 5a 5a 5a 5a 5a 5a 5a 5a 5a 5a 5a 5a  ZZZZZZZZZZZZZZZZ
[   23.767192] Padding  ffff8e5081f85e14: 5a 5a 5a 5a 5a 5a 5a 5a 5a 5a 5a 5a 5a 5a 5a 5a  ZZZZZZZZZZZZZZZZ
[   23.767192] Padding  ffff8e5081f85e24: 5a 5a 5a 5a 5a 5a 5a 5a 5a 5a 5a 5a 5a 5a 5a 5a  ZZZZZZZZZZZZZZZZ
[   23.767192] Padding  ffff8e5081f85e34: 5a 5a 5a 5a 5a 5a 5a 5a 5a 5a 5a 5a 5a 5a 5a 5a  ZZZZZZZZZZZZZZZZ
[   23.767192] Padding  ffff8e5081f85e44: 5a 5a 5a 5a 5a 5a 5a 5a 5a 5a 5a 5a 5a 5a 5a 5a  ZZZZZZZZZZZZZZZZ
[   23.767192] Padding  ffff8e5081f85e54: 5a 5a 5a 5a 5a 5a 5a 5a 5a 5a 5a 5a 5a 5a 5a 5a  ZZZZZZZZZZZZZZZZ
[   23.767192] Padding  ffff8e5081f85e64: 5a 5a 5a 5a 5a 5a 5a 5a 5a 5a 5a 5a 5a 5a 5a 5a  ZZZZZZZZZZZZZZZZ
[   23.767192] Padding  ffff8e5081f85e74: 5a 5a 5a 5a 5a 5a 5a 5a 5a 5a 5a 5a 5a 5a 5a 5a  ZZZZZZZZZZZZZZZZ
[   23.767192] Padding  ffff8e5081f85e84: 5a 5a 5a 5a 5a 5a 5a 5a 5a 5a 5a 5a 5a 5a 5a 5a  ZZZZZZZZZZZZZZZZ
[   23.767192] Padding  ffff8e5081f85e94: 5a 5a 5a 5a 5a 5a 5a 5a 5a 5a 5a 5a 5a 5a 5a 5a  ZZZZZZZZZZZZZZZZ
[   23.767192] Padding  ffff8e5081f85ea4: 5a 5a 5a 5a 5a 5a 5a 5a 5a 5a 5a 5a 5a 5a 5a 5a  ZZZZZZZZZZZZZZZZ
[   23.767192] Padding  ffff8e5081f85eb4: 5a 5a 5a 5a 5a 5a 5a 5a 5a 5a 5a 5a 5a 5a 5a 5a  ZZZZZZZZZZZZZZZZ
[   23.767192] Padding  ffff8e5081f85ec4: 5a 5a 5a 5a 5a 5a 5a 5a 5a 5a 5a 5a 5a 5a 5a 5a  ZZZZZZZZZZZZZZZZ
[   23.767192] Padding  ffff8e5081f85ed4: 5a 5a 5a 5a 5a 5a 5a 5a 5a 5a 5a 5a 5a 5a 5a 5a  ZZZZZZZZZZZZZZZZ
[   23.767192] Padding  ffff8e5081f85ee4: 5a 5a 5a 5a 5a 5a 5a 5a 5a 5a 5a 5a 5a 5a 5a 5a  ZZZZZZZZZZZZZZZZ
[   23.767192] Padding  ffff8e5081f85ef4: 5a 5a 5a 5a 5a 5a 5a 5a 5a 5a 5a 5a 5a 5a 5a 5a  ZZZZZZZZZZZZZZZZ
[   23.767192] Padding  ffff8e5081f85f04: 5a 5a 5a 5a 5a 5a 5a 5a 5a 5a 5a 5a 5a 5a 5a 5a  ZZZZZZZZZZZZZZZZ
[   23.767192] Padding  ffff8e5081f85f14: 5a 5a 5a 5a 5a 5a 5a 5a 5a 5a 5a 5a 5a 5a 5a 5a  ZZZZZZZZZZZZZZZZ
[   23.767192] Padding  ffff8e5081f85f24: 5a 5a 5a 5a 5a 5a 5a 5a 5a 5a 5a 5a 5a 5a 5a 5a  ZZZZZZZZZZZZZZZZ
[   23.767192] Padding  ffff8e5081f85f34: 5a 5a 5a 5a 5a 5a 5a 5a 5a 5a 5a 5a 5a 5a 5a 5a  ZZZZZZZZZZZZZZZZ
[   23.767192] Padding  ffff8e5081f85f44: 5a 5a 5a 5a 5a 5a 5a 5a 5a 5a 5a 5a 5a 5a 5a 5a  ZZZZZZZZZZZZZZZZ
[   23.767192] Padding  ffff8e5081f85f54: 5a 5a 5a 5a 5a 5a 5a 5a 5a 5a 5a 5a 5a 5a 5a 5a  ZZZZZZZZZZZZZZZZ
[   23.767192] Padding  ffff8e5081f85f64: 5a 5a 5a 5a 5a 5a 5a 5a 5a 5a 5a 5a 5a 5a 5a 5a  ZZZZZZZZZZZZZZZZ
[   23.767192] Padding  ffff8e5081f85f74: 5a 5a 5a 5a 5a 5a 5a 5a 5a 5a 5a 5a 5a 5a 5a 5a  ZZZZZZZZZZZZZZZZ
[   23.767192] Padding  ffff8e5081f85f84: 5a 5a 5a 5a 5a 5a 5a 5a 5a 5a 5a 5a 5a 5a 5a 5a  ZZZZZZZZZZZZZZZZ
[   23.767192] Padding  ffff8e5081f85f94: 5a 5a 5a 5a 5a 5a 5a 5a 5a 5a 5a 5a 5a 5a 5a 5a  ZZZZZZZZZZZZZZZZ
[   23.767192] Padding  ffff8e5081f85fa4: 5a 5a 5a 5a 5a 5a 5a 5a 5a 5a 5a 5a 5a 5a 5a 5a  ZZZZZZZZZZZZZZZZ
[   23.767192] Padding  ffff8e5081f85fb4: 5a 5a 5a 5a 5a 5a 5a 5a 5a 5a 5a 5a 5a 5a 5a 5a  ZZZZZZZZZZZZZZZZ
[   23.767192] Padding  ffff8e5081f85fc4: 5a 5a 5a 5a 5a 5a 5a 5a 5a 5a 5a 5a 5a 5a 5a 5a  ZZZZZZZZZZZZZZZZ
[   23.767192] Padding  ffff8e5081f85fd4: 5a 5a 5a 5a 5a 5a 5a 5a 5a 5a 5a 5a 5a 5a 5a 5a  ZZZZZZZZZZZZZZZZ
[   23.767192] Padding  ffff8e5081f85fe4: 5a 5a 5a 5a 5a 5a 5a 5a 5a 5a 5a 5a 5a 5a 5a 5a  ZZZZZZZZZZZZZZZZ
[   23.767192] Padding  ffff8e5081f85ff4: 5a 5a 5a 5a 5a 5a 5a 5a 5a 5a 5a 5a              ZZZZZZZZZZZZ
[   23.767192] CPU: 1 PID: 62 Comm: multi_test Tainted: G    B      O       6.6.17 #1
[   23.767192] Hardware name: QEMU Standard PC (i440FX + PIIX, 1996), BIOS 1.16.2-debian-1.16.2-1 04/01/2014
[   23.767192] Call Trace:
[   23.767192]  <TASK>
[   23.767192]  dump_stack_lvl+0x36/0x50
[   23.767192]  free_to_partial_list+0x2d0/0x560
[   23.767192]  ? test_skcipher.isra.0+0x118/0x1b0 [cryptomod]
[   23.767192]  test_skcipher.isra.0+0x118/0x1b0 [cryptomod]
[   23.767192]  cryptomod_dev_ioctl+0x162/0x280 [cryptomod]
[   23.767192]  __x64_sys_ioctl+0x1a3/0x950
[   23.767192]  ? fpregs_assert_state_consistent+0x1d/0x40
[   23.767192]  do_syscall_64+0x38/0x80
[   23.767192]  entry_SYSCALL_64_after_hwframe+0x46/0xb0
[   23.767192] RIP: 0033:0x43b49b
[   23.767192] Code: 00 48 89 44 24 18 31 c0 48 8d 44 24 60 c7 04 24 10 00 00 00 48 89 44 24 08 48 8d 44 24 20 48 89 44 24 10 b8 10 00 00 00 0f 05 0
[   23.767192] RSP: 002b:00007fffc5959260 EFLAGS: 00000246 ORIG_RAX: 0000000000000010
[   23.767192] RAX: ffffffffffffffda RBX: 00007fffc5959698 RCX: 000000000043b49b
[   23.767192] RDX: 0000000000000050 RSI: 0000000000006b02 RDI: 0000000000000003
[   23.767192] RBP: 00007fffc59594a0 R08: 0000000000000007 R09: 00007fffc5959196
[   23.767192] R10: 0000000000000000 R11: 0000000000000246 R12: 00007fffc5959688
[   23.767192] R13: 0000000000000001 R14: 0000000000000001 R15: 0000000000000001
[   23.767192]  </TASK>
[   23.767192] FIX kmalloc-4k: Object at 0xffff8e5081f84000 not freed
[   23.777919] =============================================================================
[   23.777919] BUG kmalloc-4k (Tainted: G    B      O      ): Slab has 0 allocated objects but 1 are to be freed
[   23.777919]
[   23.777919] -----------------------------------------------------------------------------
[   23.777919]
ioctl(CM_IOC_FIN[   23.777919] Slab 0xffffd05d0008cc00 objects=2 used=0 fp=0xffff8e5082331000 flags=0x100000000000840(slab|head|node=0|zone=1)
ALIZE - DEC): In[   23.777919] CPU: 0 PID: 65 Comm: multi_test Tainted: G    B      O       6.6.17 #1
[   23.777919] Hardware name: QEMU Standard PC (i440FX + PIIX, 1996), BIOS 1.16.2-debian-1.16.2-1 04/01/2014
[   23.777919] Call Trace:
valid argument
ioctl(CM_IOC_FINALIZE - DEC): Invalid argument[   23.777919]  <TASK>
[   23.777919]  dump_stack_lvl+0x36/0x50

[   23.777919]  slab_err+0xab/0xe0
[   23.777919]  ? __x64_sys_close+0x38/0x80
[   23.777919]  ? do_syscall_64+0x38/0x80
[   23.777919]  ? entry_SYSCALL_64_after_hwframe+0x46/0xb0
[   23.777919]  free_to_partial_list+0x45b/0x560
[   23.777919]  ? __hrtimer_run_queues+0x139/0x2a0
[   23.777919]  ? cryptomod_dev_close+0x1f/0x40 [cryptomod]
[   23.777919]  ? ktime_get+0x34/0x90
[   23.777919]  cryptomod_dev_close+0x1f/0x40 [cryptomod]
[   23.777919]  __fput+0xe5/0x280
[   23.777919]  __x64_sys_close+0x38/0x80
[   23.777919]  do_syscall_64+0x38/0x80
[   23.777919]  entry_SYSCALL_64_after_hwframe+0x46/0xb0
[   23.777919] RIP: 0033:0x43a8d0
[   23.777919] Code: 00 00 48 c7 c2 b8 ff ff ff f7 d8 64 89 02 b8 ff ff ff ff eb d4 e8 80 26 00 00 80 3d 91 d7 06 00 00 74 17 b8 03 00 00 00 0f 05 c
[   23.777919] RSP: 002b:00007fffc59592b8 EFLAGS: 00000202 ORIG_RAX: 0000000000000003
[   23.777919] RAX: ffffffffffffffda RBX: 00007fffc5959698 RCX: 000000000043a8d0
[   23.777919] RDX: 0000000000002050 RSI: 000000000204ed10 RDI: 0000000000000003
[   23.777919] RBP: 00007fffc59594a0 R08: 0000000000000007 R09: 00000000020506e0
[   23.777919] R10: 675e023bcf5eb021 R11: 0000000000000202 R12: 00007fffc5959688
[   23.777919] R13: 0000000000000001 R14: 0000000000000001 R15: 0000000000000001
[   23.777919]  </TASK>
[   23.777919] FIX kmalloc-4k: Object at 0xffff8e5082334000 not freed
[   24.609086] =============================================================================
[   24.609086] BUG kmalloc-4k (Tainted: G    B      O      ): Slab has 0 allocated objects but 1 are to be freed
[   24.609086]
[   24.624904] -----------------------------------------------------------------------------
[   24.624904]
[   24.624904] Slab 0xffffd05d0008d000 objects=2 used=0 fp=0xffff8e5082341000 flags=0x100000000000840(slab|head|node=0|zone=1)
[   24.624904] CPU: 1 PID: 64 Comm: multi_test Tainted: G    B      O       6.6.17 #1
[   24.624904] Hardware name: QEMU Standard PC (i440FX + PIIX, 1996), BIOS 1.16.2-debian-1.16.2-1 04/01/2014
[   24.624904] Call Trace:
[   24.624904]  <TASK>
[   24.624904]  dump_stack_lvl+0x36/0x50
[   24.624904]  slab_err+0xab/0xe0
[   24.624904]  ? __x64_sys_close+0x38/0x80
[   24.624904]  ? do_syscall_64+0x38/0x80
[   24.624904]  ? entry_SYSCALL_64_after_hwframe+0x46/0xb0
[   24.624904]  free_to_partial_list+0x45b/0x560
[   24.624904]  ? cryptomod_dev_close+0x1f/0x40 [cryptomod]
[   24.624904]  cryptomod_dev_close+0x1f/0x40 [cryptomod]
[   24.624904]  __fput+0xe5/0x280
[   24.624904]  __x64_sys_close+0x38/0x80
[   24.624904]  do_syscall_64+0x38/0x80
[   24.624904]  entry_SYSCALL_64_after_hwframe+0x46/0xb0
[   24.624904] RIP: 0033:0x43a8d0
[   24.624904] Code: 00 00 48 c7 c2 b8 ff ff ff f7 d8 64 89 02 b8 ff ff ff ff eb d4 e8 80 26 00 00 80 3d 91 d7 06 00 00 74 17 b8 03 00 00 00 0f 05 c
[   24.624904] RSP: 002b:00007fffc59592b8 EFLAGS: 00000202 ORIG_RAX: 0000000000000003
[   24.624904] RAX: ffffffffffffffda RBX: 00007fffc5959698 RCX: 000000000043a8d0
[   24.624904] RDX: 0000000000002050 RSI: 000000000204ed10 RDI: 0000000000000003
[   24.624904] RBP: 00007fffc59594a0 R08: 0000000000000007 R09: 00000000020506e0
[   24.624904] R10: 675e023bcf5eb021 R11: 0000000000000202 R12: 00007fffc5959688
[   24.624904] R13: 0000000000000001 R14: 0000000000000001 R15: 0000000000000001
[   24.624904]  </TASK>
[   24.624904] FIX kmalloc-4k: Object at 0xffff8e5082341000 not freed
[   24.631318] =============================================================================
ioctl(CM_IOC_FIN[   24.631318] BUG kmalloc-4k (Tainted: G    B      O      ): Slab has 0 allocated objects but 1 are to be freed
[   24.631318]
[   24.631318] -----------------------------------------------------------------------------
[   24.631318]
[   24.631318] Slab 0xffffd05d0008cc00 objects=2 used=0 fp=0xffff8e5082331000 flags=0x100000000000840(slab|head|node=0|zone=1)
[   24.631318] CPU: 0 PID: 63 Comm: multi_test Tainted: G    B      O       6.6.17 #1
[   24.631318] Hardware name: QEMU Standard PC (i440FX + PIIX, 1996), BIOS 1.16.2-debian-1.16.2-1 04/01/2014
[   24.631318] Call Trace:
[   24.631318]  <TASK>
[   24.631318]  dump_stack_lvl+0x36/0x50
[   24.631318]  slab_err+0xab/0xe0
ALIZE - DEC): Invalid argument
Some Error in test function
[   24.631318]  ? __x64_sys_close+0x38/0x80
[   24.631318]  ? do_syscall_64+0x38/0x80
[   24.631318]  ? entry_SYSCALL_64_after_hwframe+0x46/0xb0
[   24.631318]  ? file_tty_write.constprop.0+0x1fe/0x310
[   24.631318]  free_to_partial_list+0x45b/0x560
[   24.631318]  ? cryptomod_dev_close+0x1f/0x40 [cryptomod]
[   24.631318]  ? __schedule+0x78c/0x860
[   24.631318]  cryptomod_dev_close+0x1f/0x40 [cryptomod]
[   24.631318]  __fput+0xe5/0x280
[   24.631318]  __x64_sys_close+0x38/0x80
[   24.631318]  do_syscall_64+0x38/0x80
ioctl(CM_IOC_FIN[   24.631318]  entry_SYSCALL_64_after_hwframe+0x46/0xb0
ALIZE - DEC): In[   24.631318] RIP: 0033:0x43a8d0
valid argument
[   24.631318] Code: 00 00 48 c7 c2 b8 ff ff ff f7 d8 64 89 02 b8 ff ff ff ff eb d4 e8 80 26 00 00 80 3d 91 d7 06 00 00 74 17 b8 03 00 00 00 0f 05 c
[   24.631318] RSP: 002b:00007fffc59592b8 EFLAGS: 00000202 ORIG_RAX: 0000000000000003
[   24.631318] RAX: ffffffffffffffda RBX: 00007fffc5959698 RCX: 000000000043a8d0
[   24.631318] RDX: 0000000000002050 RSI: 000000000204ed10 RDI: 0000000000000003
[   24.631318] RBP: 00007fffc59594a0 R08: 0000000000000007 R09: 00000000020506e0
[   24.631318] R10: 675e023bcf5eb021 R11: 0000000000000202 R12: 00007fffc5959688
[   24.631318] R13: 0000000000000001 R14: 0000000000000001 R15: 0000000000000001
[   24.631318]  </TASK>
[   24.631318] FIX kmalloc-4k: Object at 0xffff8e5082331000 not freed
[   24.659703] =============================================================================
[   24.659703] BUG kmalloc-4k (Tainted: G    B      O      ): Object already free
[   24.659703] -----------------------------------------------------------------------------
[   24.659703]
[   24.667485] Allocated in cryptomod_dev_open+0x3d/0x80 [cryptomod] age=972 cpu=1 pid=62
[   24.668778]  __kmem_cache_alloc_node+0x1a8/0x1c0
[   24.668778]  kmalloc_trace+0x25/0x90
[   24.668778]  cryptomod_dev_open+0x3d/0x80 [cryptomod]
[   24.668778]  chrdev_open+0xc4/0x220
[   24.668778]  do_dentry_open+0x1f7/0x4f0
[   24.668778]  path_openat+0xc55/0x1080
[   24.668778]  do_filp_open+0xb3/0x160
[   24.668778]  do_sys_openat2+0x88/0xc0
[   24.668778]  __x64_sys_openat+0x69/0x90
[   24.668778]  do_syscall_64+0x38/0x80
[   24.668778]  entry_SYSCALL_64_after_hwframe+0x46/0xb0
[   24.672517] Freed in test_skcipher.isra.0+0x118/0x1b0 [cryptomod] age=957 cpu=1 pid=62
[   24.673694]  cryptomod_dev_read+0x193/0x200 [cryptomod]
[   24.673694]  vfs_read+0xa7/0x2e0
[   24.673694]  ksys_read+0x62/0xe0
[   24.673694]  do_syscall_64+0x38/0x80
[   24.673694]  entry_SYSCALL_64_after_hwframe+0x46/0xb0
[   24.673694] Slab 0xffffd05d0007e000 objects=2 used=1 fp=0xffff8e5081f84000 flags=0x100000000000840(slab|head|node=0|zone=1)
[   24.673694] Object 0xffff8e5081f84000 @offset=16384 fp=0x0000000000000000
[   24.673694]
[   24.673694] Redzone  ffff8e5081f83000: bb bb bb bb bb bb bb bb bb bb bb bb bb bb bb bb  ................
[   24.673694] Redzone  ffff8e5081f83010: bb bb bb bb bb bb bb bb bb bb bb bb bb bb bb bb  ................
[   24.678356] Redzone  ffff8e5081f83020: bb bb bb bb bb bb bb bb bb bb bb bb bb bb bb bb  ................
[   24.678356] Redzone  ffff8e5081f83030: bb bb bb bb bb bb bb bb bb bb bb bb bb bb bb bb  ................
[   24.678356] Redzone  ffff8e5081f83040: bb bb bb bb bb bb bb bb bb bb bb bb bb bb bb bb  ................
[   24.678356] Redzone  ffff8e5081f83050: bb bb bb bb bb bb bb bb bb bb bb bb bb bb bb bb  ................
[   24.678356] Redzone  ffff8e5081f83060: bb bb bb bb bb bb bb bb bb bb bb bb bb bb bb bb  ................
[   24.682195] Redzone  ffff8e5081f83070: bb bb bb bb bb bb bb bb bb bb bb bb bb bb bb bb  ................
[   24.682195] Redzone  ffff8e5081f83080: bb bb bb bb bb bb bb bb bb bb bb bb bb bb bb bb  ................
[   24.682195] Redzone  ffff8e5081f83090: bb bb bb bb bb bb bb bb bb bb bb bb bb bb bb bb  ................
[   24.682195] Redzone  ffff8e5081f830a0: bb bb bb bb bb bb bb bb bb bb bb bb bb bb bb bb  ................
[   24.682195] Redzone  ffff8e5081f830b0: bb bb bb bb bb bb bb bb bb bb bb bb bb bb bb bb  ................
[   24.682195] Redzone  ffff8e5081f830c0: bb bb bb bb bb bb bb bb bb bb bb bb bb bb bb bb  ................
[   24.682195] Redzone  ffff8e5081f830d0: bb bb bb bb bb bb bb bb bb bb bb bb bb bb bb bb  ................
[   24.682195] Redzone  ffff8e5081f830e0: bb bb bb bb bb bb bb bb bb bb bb bb bb bb bb bb  ................
[   24.687753] Redzone  ffff8e5081f830f0: bb bb bb bb bb bb bb bb bb bb bb bb bb bb bb bb  ................
[   24.687753] Redzone  ffff8e5081f83100: bb bb bb bb bb bb bb bb bb bb bb bb bb bb bb bb  ................
[   24.687753] Redzone  ffff8e5081f83110: bb bb bb bb bb bb bb bb bb bb bb bb bb bb bb bb  ................
[   24.687753] Redzone  ffff8e5081f83120: bb bb bb bb bb bb bb bb bb bb bb bb bb bb bb bb  ................
[   24.687753] Redzone  ffff8e5081f83130: bb bb bb bb bb bb bb bb bb bb bb bb bb bb bb bb  ................
[   24.687753] Redzone  ffff8e5081f83140: bb bb bb bb bb bb bb bb bb bb bb bb bb bb bb bb  ................
[   24.687753] Redzone  ffff8e5081f83150: bb bb bb bb bb bb bb bb bb bb bb bb bb bb bb bb  ................
[   24.692566] Redzone  ffff8e5081f83160: bb bb bb bb bb bb bb bb bb bb bb bb bb bb bb bb  ................
[   24.692566] Redzone  ffff8e5081f83170: bb bb bb bb bb bb bb bb bb bb bb bb bb bb bb bb  ................
[   24.692566] Redzone  ffff8e5081f83180: bb bb bb bb bb bb bb bb bb bb bb bb bb bb bb bb  ................
[   24.692566] Redzone  ffff8e5081f83190: bb bb bb bb bb bb bb bb bb bb bb bb bb bb bb bb  ................
[   24.692566] Redzone  ffff8e5081f831a0: bb bb bb bb bb bb bb bb bb bb bb bb bb bb bb bb  ................
[   24.692566] Redzone  ffff8e5081f831b0: bb bb bb bb bb bb bb bb bb bb bb bb bb bb bb bb  ................
[   24.692566] Redzone  ffff8e5081f831c0: bb bb bb bb bb bb bb bb bb bb bb bb bb bb bb bb  ................
[   24.697773] Redzone  ffff8e5081f831d0: bb bb bb bb bb bb bb bb bb bb bb bb bb bb bb bb  ................
[   24.697773] Redzone  ffff8e5081f831e0: bb bb bb bb bb bb bb bb bb bb bb bb bb bb bb bb  ................
[   24.697773] Redzone  ffff8e5081f831f0: bb bb bb bb bb bb bb bb bb bb bb bb bb bb bb bb  ................
[   24.697773] Redzone  ffff8e5081f83200: bb bb bb bb bb bb bb bb bb bb bb bb bb bb bb bb  ................
[   24.697773] Redzone  ffff8e5081f83210: bb bb bb bb bb bb bb bb bb bb bb bb bb bb bb bb  ................
[   24.697773] Redzone  ffff8e5081f83220: bb bb bb bb bb bb bb bb bb bb bb bb bb bb bb bb  ................
[   24.703451] Redzone  ffff8e5081f83230: bb bb bb bb bb bb bb bb bb bb bb bb bb bb bb bb  ................
[   24.703451] Redzone  ffff8e5081f83240: bb bb bb bb bb bb bb bb bb bb bb bb bb bb bb bb  ................
[   24.703451] Redzone  ffff8e5081f83250: bb bb bb bb bb bb bb bb bb bb bb bb bb bb bb bb  ................
[   24.703451] Redzone  ffff8e5081f83260: bb bb bb bb bb bb bb bb bb bb bb bb bb bb bb bb  ................
[   24.703451] Redzone  ffff8e5081f83270: bb bb bb bb bb bb bb bb bb bb bb bb bb bb bb bb  ................
[   24.703451] Redzone  ffff8e5081f83280: bb bb bb bb bb bb bb bb bb bb bb bb bb bb bb bb  ................
[   24.708663] Redzone  ffff8e5081f83290: bb bb bb bb bb bb bb bb bb bb bb bb bb bb bb bb  ................
[   24.708663] Redzone  ffff8e5081f832a0: bb bb bb bb bb bb bb bb bb bb bb bb bb bb bb bb  ................
[   24.708663] Redzone  ffff8e5081f832b0: bb bb bb bb bb bb bb bb bb bb bb bb bb bb bb bb  ................
[   24.708663] Redzone  ffff8e5081f832c0: bb bb bb bb bb bb bb bb bb bb bb bb bb bb bb bb  ................
[   24.708663] Redzone  ffff8e5081f832d0: bb bb bb bb bb bb bb bb bb bb bb bb bb bb bb bb  ................
[   24.708663] Redzone  ffff8e5081f832e0: bb bb bb bb bb bb bb bb bb bb bb bb bb bb bb bb  ................
[   24.708663] Redzone  ffff8e5081f832f0: bb bb bb bb bb bb bb bb bb bb bb bb bb bb bb bb  ................
[   24.708663] Redzone  ffff8e5081f83300: bb bb bb bb bb bb bb bb bb bb bb bb bb bb bb bb  ................
[   24.713117] Redzone  ffff8e5081f83310: bb bb bb bb bb bb bb bb bb bb bb bb bb bb bb bb  ................
[   24.713117] Redzone  ffff8e5081f83320: bb bb bb bb bb bb bb bb bb bb bb bb bb bb bb bb  ................
[   24.713117] Redzone  ffff8e5081f83330: bb bb bb bb bb bb bb bb bb bb bb bb bb bb bb bb  ................
[   24.713117] Redzone  ffff8e5081f83340: bb bb bb bb bb bb bb bb bb bb bb bb bb bb bb bb  ................
[   24.713117] Redzone  ffff8e5081f83350: bb bb bb bb bb bb bb bb bb bb bb bb bb bb bb bb  ................
[   24.713117] Redzone  ffff8e5081f83360: bb bb bb bb bb bb bb bb bb bb bb bb bb bb bb bb  ................
[   24.713117] Redzone  ffff8e5081f83370: bb bb bb bb bb bb bb bb bb bb bb bb bb bb bb bb  ................
[   24.713117] Redzone  ffff8e5081f83380: bb bb bb bb bb bb bb bb bb bb bb bb bb bb bb bb  ................
[   24.718473] Redzone  ffff8e5081f83390: bb bb bb bb bb bb bb bb bb bb bb bb bb bb bb bb  ................
[   24.718473] Redzone  ffff8e5081f833a0: bb bb bb bb bb bb bb bb bb bb bb bb bb bb bb bb  ................
[   24.718473] Redzone  ffff8e5081f833b0: bb bb bb bb bb bb bb bb bb bb bb bb bb bb bb bb  ................
[   24.718473] Redzone  ffff8e5081f833c0: bb bb bb bb bb bb bb bb bb bb bb bb bb bb bb bb  ................
[   24.718473] Redzone  ffff8e5081f833d0: bb bb bb bb bb bb bb bb bb bb bb bb bb bb bb bb  ................
[   24.718473] Redzone  ffff8e5081f833e0: bb bb bb bb bb bb bb bb bb bb bb bb bb bb bb bb  ................
[   24.718473] Redzone  ffff8e5081f833f0: bb bb bb bb bb bb bb bb bb bb bb bb bb bb bb bb  ................
[   24.723185] Redzone  ffff8e5081f83400: bb bb bb bb bb bb bb bb bb bb bb bb bb bb bb bb  ................
[   24.723185] Redzone  ffff8e5081f83410: bb bb bb bb bb bb bb bb bb bb bb bb bb bb bb bb  ................
[   24.723185] Redzone  ffff8e5081f83420: bb bb bb bb bb bb bb bb bb bb bb bb bb bb bb bb  ................
[   24.723185] Redzone  ffff8e5081f83430: bb bb bb bb bb bb bb bb bb bb bb bb bb bb bb bb  ................
[   24.723185] Redzone  ffff8e5081f83440: bb bb bb bb bb bb bb bb bb bb bb bb bb bb bb bb  ................
[   24.723185] Redzone  ffff8e5081f83450: bb bb bb bb bb bb bb bb bb bb bb bb bb bb bb bb  ................
[   24.723185] Redzone  ffff8e5081f83460: bb bb bb bb bb bb bb bb bb bb bb bb bb bb bb bb  ................
[   24.728764] Redzone  ffff8e5081f83470: bb bb bb bb bb bb bb bb bb bb bb bb bb bb bb bb  ................
[   24.728764] Redzone  ffff8e5081f83480: bb bb bb bb bb bb bb bb bb bb bb bb bb bb bb bb  ................
[   24.728764] Redzone  ffff8e5081f83490: bb bb bb bb bb bb bb bb bb bb bb bb bb bb bb bb  ................
[   24.728764] Redzone  ffff8e5081f834a0: bb bb bb bb bb bb bb bb bb bb bb bb bb bb bb bb  ................
[   24.728764] Redzone  ffff8e5081f834b0: bb bb bb bb bb bb bb bb bb bb bb bb bb bb bb bb  ................
[   24.728764] Redzone  ffff8e5081f834c0: bb bb bb bb bb bb bb bb bb bb bb bb bb bb bb bb  ................
[   24.733365] Redzone  ffff8e5081f834d0: bb bb bb bb bb bb bb bb bb bb bb bb bb bb bb bb  ................
[   24.733365] Redzone  ffff8e5081f834e0: bb bb bb bb bb bb bb bb bb bb bb bb bb bb bb bb  ................
[   24.733365] Redzone  ffff8e5081f834f0: bb bb bb bb bb bb bb bb bb bb bb bb bb bb bb bb  ................
[   24.733365] Redzone  ffff8e5081f83500: bb bb bb bb bb bb bb bb bb bb bb bb bb bb bb bb  ................
[   24.733365] Redzone  ffff8e5081f83510: bb bb bb bb bb bb bb bb bb bb bb bb bb bb bb bb  ................
[   24.733365] Redzone  ffff8e5081f83520: bb bb bb bb bb bb bb bb bb bb bb bb bb bb bb bb  ................
[   24.733365] Redzone  ffff8e5081f83530: bb bb bb bb bb bb bb bb bb bb bb bb bb bb bb bb  ................
[   24.733365] Redzone  ffff8e5081f83540: bb bb bb bb bb bb bb bb bb bb bb bb bb bb bb bb  ................
[   24.738166] Redzone  ffff8e5081f83550: bb bb bb bb bb bb bb bb bb bb bb bb bb bb bb bb  ................
[   24.738166] Redzone  ffff8e5081f83560: bb bb bb bb bb bb bb bb bb bb bb bb bb bb bb bb  ................
[   24.738166] Redzone  ffff8e5081f83570: bb bb bb bb bb bb bb bb bb bb bb bb bb bb bb bb  ................
[   24.738166] Redzone  ffff8e5081f83580: bb bb bb bb bb bb bb bb bb bb bb bb bb bb bb bb  ................
[   24.738166] Redzone  ffff8e5081f83590: bb bb bb bb bb bb bb bb bb bb bb bb bb bb bb bb  ................
[   24.738166] Redzone  ffff8e5081f835a0: bb bb bb bb bb bb bb bb bb bb bb bb bb bb bb bb  ................
[   24.738166] Redzone  ffff8e5081f835b0: bb bb bb bb bb bb bb bb bb bb bb bb bb bb bb bb  ................
[   24.738166] Redzone  ffff8e5081f835c0: bb bb bb bb bb bb bb bb bb bb bb bb bb bb bb bb  ................
[   24.738166] Redzone  ffff8e5081f835d0: bb bb bb bb bb bb bb bb bb bb bb bb bb bb bb bb  ................
[   24.744658] Redzone  ffff8e5081f835e0: bb bb bb bb bb bb bb bb bb bb bb bb bb bb bb bb  ................
[   24.744658] Redzone  ffff8e5081f835f0: bb bb bb bb bb bb bb bb bb bb bb bb bb bb bb bb  ................
[   24.744658] Redzone  ffff8e5081f83600: bb bb bb bb bb bb bb bb bb bb bb bb bb bb bb bb  ................
[   24.744658] Redzone  ffff8e5081f83610: bb bb bb bb bb bb bb bb bb bb bb bb bb bb bb bb  ................
[   24.744658] Redzone  ffff8e5081f83620: bb bb bb bb bb bb bb bb bb bb bb bb bb bb bb bb  ................
[   24.749448] Redzone  ffff8e5081f83630: bb bb bb bb bb bb bb bb bb bb bb bb bb bb bb bb  ................
[   24.749448] Redzone  ffff8e5081f83640: bb bb bb bb bb bb bb bb bb bb bb bb bb bb bb bb  ................
[   24.749448] Redzone  ffff8e5081f83650: bb bb bb bb bb bb bb bb bb bb bb bb bb bb bb bb  ................
[   24.749448] Redzone  ffff8e5081f83660: bb bb bb bb bb bb bb bb bb bb bb bb bb bb bb bb  ................
[   24.749448] Redzone  ffff8e5081f83670: bb bb bb bb bb bb bb bb bb bb bb bb bb bb bb bb  ................
[   24.749448] Redzone  ffff8e5081f83680: bb bb bb bb bb bb bb bb bb bb bb bb bb bb bb bb  ................
[   24.753976] Redzone  ffff8e5081f83690: bb bb bb bb bb bb bb bb bb bb bb bb bb bb bb bb  ................
[   24.753976] Redzone  ffff8e5081f836a0: bb bb bb bb bb bb bb bb bb bb bb bb bb bb bb bb  ................
[   24.753976] Redzone  ffff8e5081f836b0: bb bb bb bb bb bb bb bb bb bb bb bb bb bb bb bb  ................
[   24.753976] Redzone  ffff8e5081f836c0: bb bb bb bb bb bb bb bb bb bb bb bb bb bb bb bb  ................
[   24.753976] Redzone  ffff8e5081f836d0: bb bb bb bb bb bb bb bb bb bb bb bb bb bb bb bb  ................
[   24.753976] Redzone  ffff8e5081f836e0: bb bb bb bb bb bb bb bb bb bb bb bb bb bb bb bb  ................
[   24.753976] Redzone  ffff8e5081f836f0: bb bb bb bb bb bb bb bb bb bb bb bb bb bb bb bb  ................
[   24.753976] Redzone  ffff8e5081f83700: bb bb bb bb bb bb bb bb bb bb bb bb bb bb bb bb  ................
[   24.759649] Redzone  ffff8e5081f83710: bb bb bb bb bb bb bb bb bb bb bb bb bb bb bb bb  ................
[   24.759649] Redzone  ffff8e5081f83720: bb bb bb bb bb bb bb bb bb bb bb bb bb bb bb bb  ................
[   24.759649] Redzone  ffff8e5081f83730: bb bb bb bb bb bb bb bb bb bb bb bb bb bb bb bb  ................
[   24.759649] Redzone  ffff8e5081f83740: bb bb bb bb bb bb bb bb bb bb bb bb bb bb bb bb  ................
[   24.759649] Redzone  ffff8e5081f83750: bb bb bb bb bb bb bb bb bb bb bb bb bb bb bb bb  ................
[   24.759649] Redzone  ffff8e5081f83760: bb bb bb bb bb bb bb bb bb bb bb bb bb bb bb bb  ................
[   24.759649] Redzone  ffff8e5081f83770: bb bb bb bb bb bb bb bb bb bb bb bb bb bb bb bb  ................
[   24.759649] Redzone  ffff8e5081f83780: bb bb bb bb bb bb bb bb bb bb bb bb bb bb bb bb  ................
[   24.765112] Redzone  ffff8e5081f83790: bb bb bb bb bb bb bb bb bb bb bb bb bb bb bb bb  ................
[   24.765112] Redzone  ffff8e5081f837a0: bb bb bb bb bb bb bb bb bb bb bb bb bb bb bb bb  ................
[   24.765112] Redzone  ffff8e5081f837b0: bb bb bb bb bb bb bb bb bb bb bb bb bb bb bb bb  ................
[   24.765112] Redzone  ffff8e5081f837c0: bb bb bb bb bb bb bb bb bb bb bb bb bb bb bb bb  ................
[   24.765112] Redzone  ffff8e5081f837d0: bb bb bb bb bb bb bb bb bb bb bb bb bb bb bb bb  ................
[   24.765112] Redzone  ffff8e5081f837e0: bb bb bb bb bb bb bb bb bb bb bb bb bb bb bb bb  ................
[   24.765112] Redzone  ffff8e5081f837f0: bb bb bb bb bb bb bb bb bb bb bb bb bb bb bb bb  ................
[   24.765112] Redzone  ffff8e5081f83800: bb bb bb bb bb bb bb bb bb bb bb bb bb bb bb bb  ................
[   24.770481] Redzone  ffff8e5081f83810: bb bb bb bb bb bb bb bb bb bb bb bb bb bb bb bb  ................
[   24.770481] Redzone  ffff8e5081f83820: bb bb bb bb bb bb bb bb bb bb bb bb bb bb bb bb  ................
[   24.770481] Redzone  ffff8e5081f83830: bb bb bb bb bb bb bb bb bb bb bb bb bb bb bb bb  ................
[   24.770481] Redzone  ffff8e5081f83840: bb bb bb bb bb bb bb bb bb bb bb bb bb bb bb bb  ................
[   24.770481] Redzone  ffff8e5081f83850: bb bb bb bb bb bb bb bb bb bb bb bb bb bb bb bb  ................
[   24.770481] Redzone  ffff8e5081f83860: bb bb bb bb bb bb bb bb bb bb bb bb bb bb bb bb  ................
[   24.776069] Redzone  ffff8e5081f83870: bb bb bb bb bb bb bb bb bb bb bb bb bb bb bb bb  ................
[   24.776069] Redzone  ffff8e5081f83880: bb bb bb bb bb bb bb bb bb bb bb bb bb bb bb bb  ................
[   24.776069] Redzone  ffff8e5081f83890: bb bb bb bb bb bb bb bb bb bb bb bb bb bb bb bb  ................
[   24.776069] Redzone  ffff8e5081f838a0: bb bb bb bb bb bb bb bb bb bb bb bb bb bb bb bb  ................
[   24.776069] Redzone  ffff8e5081f838b0: bb bb bb bb bb bb bb bb bb bb bb bb bb bb bb bb  ................
[   24.776069] Redzone  ffff8e5081f838c0: bb bb bb bb bb bb bb bb bb bb bb bb bb bb bb bb  ................
[   24.781477] Redzone  ffff8e5081f838d0: bb bb bb bb bb bb bb bb bb bb bb bb bb bb bb bb  ................
[   24.781477] Redzone  ffff8e5081f838e0: bb bb bb bb bb bb bb bb bb bb bb bb bb bb bb bb  ................
[   24.781477] Redzone  ffff8e5081f838f0: bb bb bb bb bb bb bb bb bb bb bb bb bb bb bb bb  ................
[   24.781477] Redzone  ffff8e5081f83900: bb bb bb bb bb bb bb bb bb bb bb bb bb bb bb bb  ................
[   24.781477] Redzone  ffff8e5081f83910: bb bb bb bb bb bb bb bb bb bb bb bb bb bb bb bb  ................
[   24.781477] Redzone  ffff8e5081f83920: bb bb bb bb bb bb bb bb bb bb bb bb bb bb bb bb  ................
[   24.781477] Redzone  ffff8e5081f83930: bb bb bb bb bb bb bb bb bb bb bb bb bb bb bb bb  ................
[   24.785956] Redzone  ffff8e5081f83940: bb bb bb bb bb bb bb bb bb bb bb bb bb bb bb bb  ................
[   24.785956] Redzone  ffff8e5081f83950: bb bb bb bb bb bb bb bb bb bb bb bb bb bb bb bb  ................
[   24.785956] Redzone  ffff8e5081f83960: bb bb bb bb bb bb bb bb bb bb bb bb bb bb bb bb  ................
[   24.785956] Redzone  ffff8e5081f83970: bb bb bb bb bb bb bb bb bb bb bb bb bb bb bb bb  ................
[   24.785956] Redzone  ffff8e5081f83980: bb bb bb bb bb bb bb bb bb bb bb bb bb bb bb bb  ................
[   24.785956] Redzone  ffff8e5081f83990: bb bb bb bb bb bb bb bb bb bb bb bb bb bb bb bb  ................
[   24.785956] Redzone  ffff8e5081f839a0: bb bb bb bb bb bb bb bb bb bb bb bb bb bb bb bb  ................
[   24.785956] Redzone  ffff8e5081f839b0: bb bb bb bb bb bb bb bb bb bb bb bb bb bb bb bb  ................
[   24.792034] Redzone  ffff8e5081f839c0: bb bb bb bb bb bb bb bb bb bb bb bb bb bb bb bb  ................
[   24.792034] Redzone  ffff8e5081f839d0: bb bb bb bb bb bb bb bb bb bb bb bb bb bb bb bb  ................
[   24.792034] Redzone  ffff8e5081f839e0: bb bb bb bb bb bb bb bb bb bb bb bb bb bb bb bb  ................
[   24.792034] Redzone  ffff8e5081f839f0: bb bb bb bb bb bb bb bb bb bb bb bb bb bb bb bb  ................
[   24.792034] Redzone  ffff8e5081f83a00: bb bb bb bb bb bb bb bb bb bb bb bb bb bb bb bb  ................
[   24.792034] Redzone  ffff8e5081f83a10: bb bb bb bb bb bb bb bb bb bb bb bb bb bb bb bb  ................
[   24.797290] Redzone  ffff8e5081f83a20: bb bb bb bb bb bb bb bb bb bb bb bb bb bb bb bb  ................
[   24.797290] Redzone  ffff8e5081f83a30: bb bb bb bb bb bb bb bb bb bb bb bb bb bb bb bb  ................
[   24.797290] Redzone  ffff8e5081f83a40: bb bb bb bb bb bb bb bb bb bb bb bb bb bb bb bb  ................
[   24.797290] Redzone  ffff8e5081f83a50: bb bb bb bb bb bb bb bb bb bb bb bb bb bb bb bb  ................
[   24.797290] Redzone  ffff8e5081f83a60: bb bb bb bb bb bb bb bb bb bb bb bb bb bb bb bb  ................
[   24.802318] Redzone  ffff8e5081f83a70: bb bb bb bb bb bb bb bb bb bb bb bb bb bb bb bb  ................
[   24.802318] Redzone  ffff8e5081f83a80: bb bb bb bb bb bb bb bb bb bb bb bb bb bb bb bb  ................
[   24.802318] Redzone  ffff8e5081f83a90: bb bb bb bb bb bb bb bb bb bb bb bb bb bb bb bb  ................
[   24.802318] Redzone  ffff8e5081f83aa0: bb bb bb bb bb bb bb bb bb bb bb bb bb bb bb bb  ................
[   24.802318] Redzone  ffff8e5081f83ab0: bb bb bb bb bb bb bb bb bb bb bb bb bb bb bb bb  ................
[   24.802318] Redzone  ffff8e5081f83ac0: bb bb bb bb bb bb bb bb bb bb bb bb bb bb bb bb  ................
[   24.807084] Redzone  ffff8e5081f83ad0: bb bb bb bb bb bb bb bb bb bb bb bb bb bb bb bb  ................
[   24.807084] Redzone  ffff8e5081f83ae0: bb bb bb bb bb bb bb bb bb bb bb bb bb bb bb bb  ................
[   24.807084] Redzone  ffff8e5081f83af0: bb bb bb bb bb bb bb bb bb bb bb bb bb bb bb bb  ................
[   24.807084] Redzone  ffff8e5081f83b00: bb bb bb bb bb bb bb bb bb bb bb bb bb bb bb bb  ................
[   24.807084] Redzone  ffff8e5081f83b10: bb bb bb bb bb bb bb bb bb bb bb bb bb bb bb bb  ................
[   24.807084] Redzone  ffff8e5081f83b20: bb bb bb bb bb bb bb bb bb bb bb bb bb bb bb bb  ................
[   24.807084] Redzone  ffff8e5081f83b30: bb bb bb bb bb bb bb bb bb bb bb bb bb bb bb bb  ................
[   24.812748] Redzone  ffff8e5081f83b40: bb bb bb bb bb bb bb bb bb bb bb bb bb bb bb bb  ................
[   24.812748] Redzone  ffff8e5081f83b50: bb bb bb bb bb bb bb bb bb bb bb bb bb bb bb bb  ................
[   24.812748] Redzone  ffff8e5081f83b60: bb bb bb bb bb bb bb bb bb bb bb bb bb bb bb bb  ................
[   24.812748] Redzone  ffff8e5081f83b70: bb bb bb bb bb bb bb bb bb bb bb bb bb bb bb bb  ................
[   24.812748] Redzone  ffff8e5081f83b80: bb bb bb bb bb bb bb bb bb bb bb bb bb bb bb bb  ................
[   24.812748] Redzone  ffff8e5081f83b90: bb bb bb bb bb bb bb bb bb bb bb bb bb bb bb bb  ................
[   24.817511] Redzone  ffff8e5081f83ba0: bb bb bb bb bb bb bb bb bb bb bb bb bb bb bb bb  ................
[   24.817511] Redzone  ffff8e5081f83bb0: bb bb bb bb bb bb bb bb bb bb bb bb bb bb bb bb  ................
[   24.817511] Redzone  ffff8e5081f83bc0: bb bb bb bb bb bb bb bb bb bb bb bb bb bb bb bb  ................
[   24.817511] Redzone  ffff8e5081f83bd0: bb bb bb bb bb bb bb bb bb bb bb bb bb bb bb bb  ................
[   24.817511] Redzone  ffff8e5081f83be0: bb bb bb bb bb bb bb bb bb bb bb bb bb bb bb bb  ................
[   24.817511] Redzone  ffff8e5081f83bf0: bb bb bb bb bb bb bb bb bb bb bb bb bb bb bb bb  ................
Some Error in te[   24.817511] Redzone  ffff8e5081f83c00: bb bb bb bb bb bb bb bb bb bb bb bb bb bb bb bb  ................
[   24.817511] Redzone  ffff8e5081f83c10: bb bb bb bb bb bb bb bb bb bb bb bb bb bb bb bb  ................
[   24.817511] Redzone  ffff8e5081f83c20: bb bb bb bb bb bb bb bb bb bb bb bb bb bb bb bb  ................
[   24.827057] Redzone  ffff8e5081f83c30: bb bb bb bb bb bb bb bb bb bb bb bb bb bb bb bb  ................
[   24.828239] Redzone  ffff8e5081f83c40: bb bb bb bb bb bb bb bb bb bb bb bb bb bb bb bb  ................
[   24.828239] Redzone  ffff8e5081f83c50: bb bb bb bb bb bb bb bb bb bb bb bb bb bb bb bb  ................
[   24.828239] Redzone  ffff8e5081f83c60: bb bb bb bb bb bb bb bb bb bb bb bb bb bb bb bb  ................
[   24.828239] Redzone  ffff8e5081f83c70: bb bb bb bb bb bb bb bb bb bb bb bb bb bb bb bb  ................
[   24.828239] Redzone  ffff8e5081f83c80: bb bb bb bb bb bb bb bb bb bb bb bb bb bb bb bb  ................
[   24.828239] Redzone  ffff8e5081f83c90: bb bb bb bb bb bb bb bb bb bb bb bb bb bb bb bb  ................
[   24.828239] Redzone  ffff8e5081f83ca0: bb bb bb bb bb bb bb bb bb bb bb bb bb bb bb bb  ................
[   24.833173] Redzone  ffff8e5081f83cb0: bb bb bb bb bb bb bb bb bb bb bb bb bb bb bb bb  ................
[   24.833173] Redzone  ffff8e5081f83cc0: bb bb bb bb bb bb bb bb bb bb bb bb bb bb bb bb  ................
[   24.833173] Redzone  ffff8e5081f83cd0: bb bb bb bb bb bb bb bb bb bb bb bb bb bb bb bb  ................
[   24.833173] Redzone  ffff8e5081f83ce0: bb bb bb bb bb bb bb bb bb bb bb bb bb bb bb bb  ................
[   24.838415] Redzone  ffff8e5081f83cf0: bb bb bb bb bb bb bb bb bb bb bb bb bb bb bb bb  ................
[   24.838415] Redzone  ffff8e5081f83d00: bb bb bb bb bb bb bb bb bb bb bb bb bb bb bb bb  ................
[   24.838415] Redzone  ffff8e5081f83d10: bb bb bb bb bb bb bb bb bb bb bb bb bb bb bb bb  ................
[   24.838415] Redzone  ffff8e5081f83d20: bb bb bb bb bb bb bb bb bb bb bb bb bb bb bb bb  ................
[   24.838415] Redzone  ffff8e5081f83d30: bb bb bb bb bb bb bb bb bb bb bb bb bb bb bb bb  ................
[   24.843383] Redzone  ffff8e5081f83d40: bb bb bb bb bb bb bb bb bb bb bb bb bb bb bb bb  ................
[   24.843383] Redzone  ffff8e5081f83d50: bb bb bb bb bb bb bb bb bb bb bb bb bb bb bb bb  ................
[   24.843383] Redzone  ffff8e5081f83d60: bb bb bb bb bb bb bb bb bb bb bb bb bb bb bb bb  ................
[   24.843383] Redzone  ffff8e5081f83d70: bb bb bb bb bb bb bb bb bb bb bb bb bb bb bb bb  ................
[   24.843383] Redzone  ffff8e5081f83d80: bb bb bb bb bb bb bb bb bb bb bb bb bb bb bb bb  ................
[   24.843383] Redzone  ffff8e5081f83d90: bb bb bb bb bb bb bb bb bb bb bb bb bb bb bb bb  ................
[   24.843383] Redzone  ffff8e5081f83da0: bb bb bb bb bb bb bb bb bb bb bb bb bb bb bb bb  ................
[   24.843383] Redzone  ffff8e5081f83db0: bb bb bb bb bb bb bb bb bb bb bb bb bb bb bb bb  ................
[   24.848497] Redzone  ffff8e5081f83dc0: bb bb bb bb bb bb bb bb bb bb bb bb bb bb bb bb  ................
[   24.848497] Redzone  ffff8e5081f83dd0: bb bb bb bb bb bb bb bb bb bb bb bb bb bb bb bb  ................
[   24.848497] Redzone  ffff8e5081f83de0: bb bb bb bb bb bb bb bb bb bb bb bb bb bb bb bb  ................
[   24.848497] Redzone  ffff8e5081f83df0: bb bb bb bb bb bb bb bb bb bb bb bb bb bb bb bb  ................
[   24.848497] Redzone  ffff8e5081f83e00: bb bb bb bb bb bb bb bb bb bb bb bb bb bb bb bb  ................
[   24.848497] Redzone  ffff8e5081f83e10: bb bb bb bb bb bb bb bb bb bb bb bb bb bb bb bb  ................
[   24.848497] Redzone  ffff8e5081f83e20: bb bb bb bb bb bb bb bb bb bb bb bb bb bb bb bb  ................
[   24.853175] Redzone  ffff8e5081f83e30: bb bb bb bb bb bb bb bb bb bb bb bb bb bb bb bb  ................
[   24.853175] Redzone  ffff8e5081f83e40: bb bb bb bb bb bb bb bb bb bb bb bb bb bb bb bb  ................
[   24.853175] Redzone  ffff8e5081f83e50: bb bb bb bb bb bb bb bb bb bb bb bb bb bb bb bb  ................
[   24.853175] Redzone  ffff8e5081f83e60: bb bb bb bb bb bb bb bb bb bb bb bb bb bb bb bb  ................
[   24.853175] Redzone  ffff8e5081f83e70: bb bb bb bb bb bb bb bb bb bb bb bb bb bb bb bb  ................
[   24.853175] Redzone  ffff8e5081f83e80: bb bb bb bb bb bb bb bb bb bb bb bb bb bb bb bb  ................
[   24.853175] Redzone  ffff8e5081f83e90: bb bb bb bb bb bb bb bb bb bb bb bb bb bb bb bb  ................
[   24.853175] Redzone  ffff8e5081f83ea0: bb bb bb bb bb bb bb bb bb bb bb bb bb bb bb bb  ................
[   24.859583] Redzone  ffff8e5081f83eb0: bb bb bb bb bb bb bb bb bb bb bb bb bb bb bb bb  ................
[   24.859583] Redzone  ffff8e5081f83ec0: bb bb bb bb bb bb bb bb bb bb bb bb bb bb bb bb  ................
[   24.859583] Redzone  ffff8e5081f83ed0: bb bb bb bb bb bb bb bb bb bb bb bb bb bb bb bb  ................
[   24.859583] Redzone  ffff8e5081f83ee0: bb bb bb bb bb bb bb bb bb bb bb bb bb bb bb bb  ................
[   24.859583] Redzone  ffff8e5081f83ef0: bb bb bb bb bb bb bb bb bb bb bb bb bb bb bb bb  ................
[   24.863074] Redzone  ffff8e5081f83f00: bb bb bb bb bb bb bb bb bb bb bb bb bb bb bb bb  ................
[   24.863074] Redzone  ffff8e5081f83f10: bb bb bb bb bb bb bb bb bb bb bb bb bb bb bb bb  ................
[   24.863074] Redzone  ffff8e5081f83f20: bb bb bb bb bb bb bb bb bb bb bb bb bb bb bb bb  ................
[   24.863074] Redzone  ffff8e5081f83f30: bb bb bb bb bb bb bb bb bb bb bb bb bb bb bb bb  ................
[   24.863074] Redzone  ffff8e5081f83f40: bb bb bb bb bb bb bb bb bb bb bb bb bb bb bb bb  ................
[   24.863074] Redzone  ffff8e5081f83f50: bb bb bb bb bb bb bb bb bb bb bb bb bb bb bb bb  ................
[   24.863074] Redzone  ffff8e5081f83f60: bb bb bb bb bb bb bb bb bb bb bb bb bb bb bb bb  ................
[   24.863074] Redzone  ffff8e5081f83f70: bb bb bb bb bb bb bb bb bb bb bb bb bb bb bb bb  ................
[   24.863074] Redzone  ffff8e5081f83f80: bb bb bb bb bb bb bb bb bb bb bb bb bb bb bb bb  ................
[   24.869180] Redzone  ffff8e5081f83f90: bb bb bb bb bb bb bb bb bb bb bb bb bb bb bb bb  ................
[   24.869180] Redzone  ffff8e5081f83fa0: bb bb bb bb bb bb bb bb bb bb bb bb bb bb bb bb  ................
[   24.869180] Redzone  ffff8e5081f83fb0: bb bb bb bb bb bb bb bb bb bb bb bb bb bb bb bb  ................
[   24.869180] Redzone  ffff8e5081f83fc0: bb bb bb bb bb bb bb bb bb bb bb bb bb bb bb bb  ................
[   24.869180] Redzone  ffff8e5081f83fd0: bb bb bb bb bb bb bb bb bb bb bb bb bb bb bb bb  ................
[   24.869180] Redzone  ffff8e5081f83fe0: bb bb bb bb bb bb bb bb bb bb bb bb bb bb bb bb  ................
[   24.869180] Redzone  ffff8e5081f83ff0: bb bb bb bb bb bb bb bb bb bb bb bb bb bb bb bb  ................
[   24.874253] Object   ffff8e5081f84000: 56 83 3c de 4d 17 25 13 0d f0 dc 5b 69 0c 7b 0b  V.<.M.%....[i.{.
[   24.874253] Object   ffff8e5081f84010: 56 83 3c de 4d 17 25 13 0d f0 dc 5b 69 0c 7b 0b  V.<.M.%....[i.{.
[   24.874253] Object   ffff8e5081f84020: 56 83 3c de 4d 17 25 13 0d f0 dc 5b 69 0c 7b 0b  V.<.M.%....[i.{.
[   24.874253] Object   ffff8e5081f84030: 56 83 3c de 4d 17 25 13 0d f0 dc 5b 69 0c 7b 0b  V.<.M.%....[i.{.
[   24.874253] Object   ffff8e5081f84040: 56 83 3c de 4d 17 25 13 0d f0 dc 5b 69 0c 7b 0b  V.<.M.%....[i.{.
[   24.874253] Object   ffff8e5081f84050: 00 00 00 00 00 00 00 00 00 00 00 00 00 00 00 00  ................
[   24.874253] Object   ffff8e5081f84060: 00 00 00 00 00 00 00 00 00 00 00 00 00 00 00 00  ................
[   24.879567] Object   ffff8e5081f84070: 00 00 00 00 00 00 00 00 00 00 00 00 00 00 00 00  ................
[   24.879567] Object   ffff8e5081f84080: 00 00 00 00 00 00 00 00 00 00 00 00 00 00 00 00  ................
[   24.879567] Object   ffff8e5081f84090: 00 00 00 00 00 00 00 00 00 00 00 00 00 00 00 00  ................
[   24.879567] Object   ffff8e5081f840a0: 00 00 00 00 00 00 00 00 00 00 00 00 00 00 00 00  ................
[   24.879567] Object   ffff8e5081f840b0: 00 00 00 00 00 00 00 00 00 00 00 00 00 00 00 00  ................
[   24.879567] Object   ffff8e5081f840c0: 00 00 00 00 00 00 00 00 00 00 00 00 00 00 00 00  ................
[   24.879567] Object   ffff8e5081f840d0: 00 00 00 00 00 00 00 00 00 00 00 00 00 00 00 00  ................
[   24.879567] Object   ffff8e5081f840e0: 00 00 00 00 00 00 00 00 00 00 00 00 00 00 00 00  ................
[   24.884417] Object   ffff8e5081f840f0: 00 00 00 00 00 00 00 00 00 00 00 00 00 00 00 00  ................
[   24.884417] Object   ffff8e5081f84100: 00 00 00 00 00 00 00 00 00 00 00 00 00 00 00 00  ................
[   24.884417] Object   ffff8e5081f84110: 00 00 00 00 00 00 00 00 00 00 00 00 00 00 00 00  ................
[   24.884417] Object   ffff8e5081f84120: 00 00 00 00 00 00 00 00 00 00 00 00 00 00 00 00  ................
[   24.884417] Object   ffff8e5081f84130: 00 00 00 00 00 00 00 00 00 00 00 00 00 00 00 00  ................
[   24.884417] Object   ffff8e5081f84140: 00 00 00 00 00 00 00 00 00 00 00 00 00 00 00 00  ................
[   24.889430] Object   ffff8e5081f84150: 00 00 00 00 00 00 00 00 00 00 00 00 00 00 00 00  ................
[   24.889430] Object   ffff8e5081f84160: 00 00 00 00 00 00 00 00 00 00 00 00 00 00 00 00  ................
[   24.889430] Object   ffff8e5081f84170: 00 00 00 00 00 00 00 00 00 00 00 00 00 00 00 00  ................
[   24.889430] Object   ffff8e5081f84180: 00 00 00 00 00 00 00 00 00 00 00 00 00 00 00 00  ................
[   24.889430] Object   ffff8e5081f84190: 00 00 00 00 00 00 00 00 00 00 00 00 00 00 00 00  ................
[   24.889430] Object   ffff8e5081f841a0: 00 00 00 00 00 00 00 00 00 00 00 00 00 00 00 00  ................
[   24.889430] Object   ffff8e5081f841b0: 00 00 00 00 00 00 00 00 00 00 00 00 00 00 00 00  ................
[   24.889430] Object   ffff8e5081f841c0: 00 00 00 00 00 00 00 00 00 00 00 00 00 00 00 00  ................
[   24.894509] Object   ffff8e5081f841d0: 00 00 00 00 00 00 00 00 00 00 00 00 00 00 00 00  ................
[   24.894509] Object   ffff8e5081f841e0: 00 00 00 00 00 00 00 00 00 00 00 00 00 00 00 00  ................
[   24.894509] Object   ffff8e5081f841f0: 00 00 00 00 00 00 00 00 00 00 00 00 00 00 00 00  ................
[   24.894509] Object   ffff8e5081f84200: 00 00 00 00 00 00 00 00 00 00 00 00 00 00 00 00  ................
[   24.894509] Object   ffff8e5081f84210: 00 00 00 00 00 00 00 00 00 00 00 00 00 00 00 00  ................
[   24.894509] Object   ffff8e5081f84220: 00 00 00 00 00 00 00 00 00 00 00 00 00 00 00 00  ................
[   24.894509] Object   ffff8e5081f84230: 00 00 00 00 00 00 00 00 00 00 00 00 00 00 00 00  ................
[   24.898994] Object   ffff8e5081f84240: 00 00 00 00 00 00 00 00 00 00 00 00 00 00 00 00  ................
[   24.898994] Object   ffff8e5081f84250: 00 00 00 00 00 00 00 00 00 00 00 00 00 00 00 00  ................
[   24.898994] Object   ffff8e5081f84260: 00 00 00 00 00 00 00 00 00 00 00 00 00 00 00 00  ................
[   24.898994] Object   ffff8e5081f84270: 00 00 00 00 00 00 00 00 00 00 00 00 00 00 00 00  ................
[   24.898994] Object   ffff8e5081f84280: 00 00 00 00 00 00 00 00 00 00 00 00 00 00 00 00  ................
[   24.904101] Object   ffff8e5081f84290: 00 00 00 00 00 00 00 00 00 00 00 00 00 00 00 00  ................
[   24.904101] Object   ffff8e5081f842a0: 00 00 00 00 00 00 00 00 00 00 00 00 00 00 00 00  ................
[   24.904101] Object   ffff8e5081f842b0: 00 00 00 00 00 00 00 00 00 00 00 00 00 00 00 00  ................
[   24.904101] Object   ffff8e5081f842c0: 00 00 00 00 00 00 00 00 00 00 00 00 00 00 00 00  ................
[   24.904101] Object   ffff8e5081f842d0: 00 00 00 00 00 00 00 00 00 00 00 00 00 00 00 00  ................
[   24.904101] Object   ffff8e5081f842e0: 00 00 00 00 00 00 00 00 00 00 00 00 00 00 00 00  ................
[   24.904101] Object   ffff8e5081f842f0: 00 00 00 00 00 00 00 00 00 00 00 00 00 00 00 00  ................
[   24.909577] Object   ffff8e5081f84300: 00 00 00 00 00 00 00 00 00 00 00 00 00 00 00 00  ................
[   24.909577] Object   ffff8e5081f84310: 00 00 00 00 00 00 00 00 00 00 00 00 00 00 00 00  ................
[   24.909577] Object   ffff8e5081f84320: 00 00 00 00 00 00 00 00 00 00 00 00 00 00 00 00  ................
[   24.909577] Object   ffff8e5081f84330: 00 00 00 00 00 00 00 00 00 00 00 00 00 00 00 00  ................
[   24.909577] Object   ffff8e5081f84340: 00 00 00 00 00 00 00 00 00 00 00 00 00 00 00 00  ................
[   24.909577] Object   ffff8e5081f84350: 00 00 00 00 00 00 00 00 00 00 00 00 00 00 00 00  ................
[   24.909577] Object   ffff8e5081f84360: 00 00 00 00 00 00 00 00 00 00 00 00 00 00 00 00  ................
[   24.914307] Object   ffff8e5081f84370: 00 00 00 00 00 00 00 00 00 00 00 00 00 00 00 00  ................
[   24.914307] Object   ffff8e5081f84380: 00 00 00 00 00 00 00 00 00 00 00 00 00 00 00 00  ................
[   24.914307] Object   ffff8e5081f84390: 00 00 00 00 00 00 00 00 00 00 00 00 00 00 00 00  ................
[   24.914307] Object   ffff8e5081f843a0: 00 00 00 00 00 00 00 00 00 00 00 00 00 00 00 00  ................
[   24.914307] Object   ffff8e5081f843b0: 00 00 00 00 00 00 00 00 00 00 00 00 00 00 00 00  ................
[   24.914307] Object   ffff8e5081f843c0: 00 00 00 00 00 00 00 00 00 00 00 00 00 00 00 00  ................
[   24.919490] Object   ffff8e5081f843d0: 00 00 00 00 00 00 00 00 00 00 00 00 00 00 00 00  ................
[   24.919490] Object   ffff8e5081f843e0: 00 00 00 00 00 00 00 00 00 00 00 00 00 00 00 00  ................
[   24.919490] Object   ffff8e5081f843f0: 00 00 00 00 00 00 00 00 00 00 00 00 00 00 00 00  ................
[   24.919490] Object   ffff8e5081f84400: 00 00 00 00 00 00 00 00 00 00 00 00 00 00 00 00  ................
[   24.919490] Object   ffff8e5081f84410: 00 00 00 00 00 00 00 00 00 00 00 00 00 00 00 00  ................
[   24.919490] Object   ffff8e5081f84420: 00 00 00 00 00 00 00 00 00 00 00 00 00 00 00 00  ................
[   24.919490] Object   ffff8e5081f84430: 00 00 00 00 00 00 00 00 00 00 00 00 00 00 00 00  ................
[   24.925551] Object   ffff8e5081f84440: 00 00 00 00 00 00 00 00 00 00 00 00 00 00 00 00  ................
[   24.925551] Object   ffff8e5081f84450: 00 00 00 00 00 00 00 00 00 00 00 00 00 00 00 00  ................
[   24.925551] Object   ffff8e5081f84460: 00 00 00 00 00 00 00 00 00 00 00 00 00 00 00 00  ................
[   24.925551] Object   ffff8e5081f84470: 00 00 00 00 00 00 00 00 00 00 00 00 00 00 00 00  ................
[   24.925551] Object   ffff8e5081f84480: 00 00 00 00 00 00 00 00 00 00 00 00 00 00 00 00  ................
[   24.925551] Object   ffff8e5081f84490: 00 00 00 00 00 00 00 00 00 00 00 00 00 00 00 00  ................
[   24.925551] Object   ffff8e5081f844a0: 00 00 00 00 00 00 00 00 00 00 00 00 00 00 00 00  ................
[   24.931394] Object   ffff8e5081f844b0: 00 00 00 00 00 00 00 00 00 00 00 00 00 00 00 00  ................
[   24.931394] Object   ffff8e5081f844c0: 00 00 00 00 00 00 00 00 00 00 00 00 00 00 00 00  ................
[   24.931394] Object   ffff8e5081f844d0: 00 00 00 00 00 00 00 00 00 00 00 00 00 00 00 00  ................
[   24.931394] Object   ffff8e5081f844e0: 00 00 00 00 00 00 00 00 00 00 00 00 00 00 00 00  ................
[   24.931394] Object   ffff8e5081f844f0: 00 00 00 00 00 00 00 00 00 00 00 00 00 00 00 00  ................
[   24.931394] Object   ffff8e5081f84500: 00 00 00 00 00 00 00 00 00 00 00 00 00 00 00 00  ................
[   24.931394] Object   ffff8e5081f84510: 00 00 00 00 00 00 00 00 00 00 00 00 00 00 00 00  ................
[   24.931394] Object   ffff8e5081f84520: 00 00 00 00 00 00 00 00 00 00 00 00 00 00 00 00  ................
[   24.938118] Object   ffff8e5081f84530: 00 00 00 00 00 00 00 00 00 00 00 00 00 00 00 00  ................
[   24.938118] Object   ffff8e5081f84540: 00 00 00 00 00 00 00 00 00 00 00 00 00 00 00 00  ................
[   24.938118] Object   ffff8e5081f84550: 00 00 00 00 00 00 00 00 00 00 00 00 00 00 00 00  ................
[   24.938118] Object   ffff8e5081f84560: 00 00 00 00 00 00 00 00 00 00 00 00 00 00 00 00  ................
[   24.943436] Object   ffff8e5081f84570: 00 00 00 00 00 00 00 00 00 00 00 00 00 00 00 00  ................
[   24.943436] Object   ffff8e5081f84580: 00 00 00 00 00 00 00 00 00 00 00 00 00 00 00 00  ................
[   24.943436] Object   ffff8e5081f84590: 00 00 00 00 00 00 00 00 00 00 00 00 00 00 00 00  ................
[   24.943436] Object   ffff8e5081f845a0: 00 00 00 00 00 00 00 00 00 00 00 00 00 00 00 00  ................
[   24.943436] Object   ffff8e5081f845b0: 00 00 00 00 00 00 00 00 00 00 00 00 00 00 00 00  ................
[   24.948368] Object   ffff8e5081f845c0: 00 00 00 00 00 00 00 00 00 00 00 00 00 00 00 00  ................
[   24.948368] Object   ffff8e5081f845d0: 00 00 00 00 00 00 00 00 00 00 00 00 00 00 00 00  ................
[   24.948368] Object   ffff8e5081f845e0: 00 00 00 00 00 00 00 00 00 00 00 00 00 00 00 00  ................
[   24.948368] Object   ffff8e5081f845f0: 00 00 00 00 00 00 00 00 00 00 00 00 00 00 00 00  ................
[   24.953136] Object   ffff8e5081f84600: 00 00 00 00 00 00 00 00 00 00 00 00 00 00 00 00  ................
[   24.953136] Object   ffff8e5081f84610: 00 00 00 00 00 00 00 00 00 00 00 00 00 00 00 00  ................
[   24.953136] Object   ffff8e5081f84620: 00 00 00 00 00 00 00 00 00 00 00 00 00 00 00 00  ................
[   24.953136] Object   ffff8e5081f84630: 00 00 00 00 00 00 00 00 00 00 00 00 00 00 00 00  ................
[   24.953136] Object   ffff8e5081f84640: 00 00 00 00 00 00 00 00 00 00 00 00 00 00 00 00  ................
[   24.953136] Object   ffff8e5081f84650: 00 00 00 00 00 00 00 00 00 00 00 00 00 00 00 00  ................
[   24.953136] Object   ffff8e5081f84660: 00 00 00 00 00 00 00 00 00 00 00 00 00 00 00 00  ................
[   24.953136] Object   ffff8e5081f84670: 00 00 00 00 00 00 00 00 00 00 00 00 00 00 00 00  ................
[   24.959718] Object   ffff8e5081f84680: 00 00 00 00 00 00 00 00 00 00 00 00 00 00 00 00  ................
[   24.959718] Object   ffff8e5081f84690: 00 00 00 00 00 00 00 00 00 00 00 00 00 00 00 00  ................
[   24.959718] Object   ffff8e5081f846a0: 00 00 00 00 00 00 00 00 00 00 00 00 00 00 00 00  ................
[   24.959718] Object   ffff8e5081f846b0: 00 00 00 00 00 00 00 00 00 00 00 00 00 00 00 00  ................
[   24.959718] Object   ffff8e5081f846c0: 00 00 00 00 00 00 00 00 00 00 00 00 00 00 00 00  ................
[   24.964780] Object   ffff8e5081f846d0: 00 00 00 00 00 00 00 00 00 00 00 00 00 00 00 00  ................
[   24.964780] Object   ffff8e5081f846e0: 00 00 00 00 00 00 00 00 00 00 00 00 00 00 00 00  ................
[   24.964780] Object   ffff8e5081f846f0: 00 00 00 00 00 00 00 00 00 00 00 00 00 00 00 00  ................
[   24.964780] Object   ffff8e5081f84700: 00 00 00 00 00 00 00 00 00 00 00 00 00 00 00 00  ................
[   24.964780] Object   ffff8e5081f84710: 00 00 00 00 00 00 00 00 00 00 00 00 00 00 00 00  ................
[   24.964780] Object   ffff8e5081f84720: 00 00 00 00 00 00 00 00 00 00 00 00 00 00 00 00  ................
[   24.969935] Object   ffff8e5081f84730: 00 00 00 00 00 00 00 00 00 00 00 00 00 00 00 00  ................
[   24.971288] Object   ffff8e5081f84740: 00 00 00 00 00 00 00 00 00 00 00 00 00 00 00 00  ................
[   24.971288] Object   ffff8e5081f84750: 00 00 00 00 00 00 00 00 00 00 00 00 00 00 00 00  ................
[   24.971288] Object   ffff8e5081f84760: 00 00 00 00 00 00 00 00 00 00 00 00 00 00 00 00  ................
[   24.974321] Object   ffff8e5081f84770: 00 00 00 00 00 00 00 00 00 00 00 00 00 00 00 00  ................
[   24.974321] Object   ffff8e5081f84780: 00 00 00 00 00 00 00 00 00 00 00 00 00 00 00 00  ................
[   24.974321] Object   ffff8e5081f84790: 00 00 00 00 00 00 00 00 00 00 00 00 00 00 00 00  ................
[   24.979102] Object   ffff8e5081f847a0: 00 00 00 00 00 00 00 00 00 00 00 00 00 00 00 00  ................
[   24.979102] Object   ffff8e5081f847b0: 00 00 00 00 00 00 00 00 00 00 00 00 00 00 00 00  ................
[   24.979102] Object   ffff8e5081f847c0: 00 00 00 00 00 00 00 00 00 00 00 00 00 00 00 00  ................
[   24.979102] Object   ffff8e5081f847d0: 00 00 00 00 00 00 00 00 00 00 00 00 00 00 00 00  ................
[   24.984818] Object   ffff8e5081f847e0: 00 00 00 00 00 00 00 00 00 00 00 00 00 00 00 00  ................
[   24.984818] Object   ffff8e5081f847f0: 00 00 00 00 00 00 00 00 00 00 00 00 00 00 00 00  ................
[   24.984818] Object   ffff8e5081f84800: 00 00 00 00 00 00 00 00 00 00 00 00 00 00 00 00  ................
[   24.984818] Object   ffff8e5081f84810: 00 00 00 00 00 00 00 00 00 00 00 00 00 00 00 00  ................
[   24.990244] Object   ffff8e5081f84820: 00 00 00 00 00 00 00 00 00 00 00 00 00 00 00 00  ................
[   24.990244] Object   ffff8e5081f84830: 00 00 00 00 00 00 00 00 00 00 00 00 00 00 00 00  ................
[   24.990244] Object   ffff8e5081f84840: 00 00 00 00 00 00 00 00 00 00 00 00 00 00 00 00  ................
[   24.990244] Object   ffff8e5081f84850: 00 00 00 00 00 00 00 00 00 00 00 00 00 00 00 00  ................
[   24.990244] Object   ffff8e5081f84860: 00 00 00 00 00 00 00 00 00 00 00 00 00 00 00 00  ................
[   24.990244] Object   ffff8e5081f84870: 00 00 00 00 00 00 00 00 00 00 00 00 00 00 00 00  ................
[   24.996008] Object   ffff8e5081f84880: 00 00 00 00 00 00 00 00 00 00 00 00 00 00 00 00  ................
[   24.996008] Object   ffff8e5081f84890: 00 00 00 00 00 00 00 00 00 00 00 00 00 00 00 00  ................
[   24.996008] Object   ffff8e5081f848a0: 00 00 00 00 00 00 00 00 00 00 00 00 00 00 00 00  ................
[   24.996008] Object   ffff8e5081f848b0: 00 00 00 00 00 00 00 00 00 00 00 00 00 00 00 00  ................
[   24.996008] Object   ffff8e5081f848c0: 00 00 00 00 00 00 00 00 00 00 00 00 00 00 00 00  ................
[   25.001710] Object   ffff8e5081f848d0: 00 00 00 00 00 00 00 00 00 00 00 00 00 00 00 00  ................
[   25.001710] Object   ffff8e5081f848e0: 00 00 00 00 00 00 00 00 00 00 00 00 00 00 00 00  ................
[   25.001710] Object   ffff8e5081f848f0: 00 00 00 00 00 00 00 00 00 00 00 00 00 00 00 00  ................
[   25.001710] Object   ffff8e5081f84900: 00 00 00 00 00 00 00 00 00 00 00 00 00 00 00 00  ................
[   25.001710] Object   ffff8e5081f84910: 00 00 00 00 00 00 00 00 00 00 00 00 00 00 00 00  ................
[   25.001710] Object   ffff8e5081f84920: 00 00 00 00 00 00 00 00 00 00 00 00 00 00 00 00  ................
[   25.001710] Object   ffff8e5081f84930: 00 00 00 00 00 00 00 00 00 00 00 00 00 00 00 00  ................
[   25.001710] Object   ffff8e5081f84940: 00 00 00 00 00 00 00 00 00 00 00 00 00 00 00 00  ................
[   25.007750] Object   ffff8e5081f84950: 00 00 00 00 00 00 00 00 00 00 00 00 00 00 00 00  ................
[   25.007750] Object   ffff8e5081f84960: 00 00 00 00 00 00 00 00 00 00 00 00 00 00 00 00  ................
[   25.007750] Object   ffff8e5081f84970: 00 00 00 00 00 00 00 00 00 00 00 00 00 00 00 00  ................
[   25.007750] Object   ffff8e5081f84980: 00 00 00 00 00 00 00 00 00 00 00 00 00 00 00 00  ................
[   25.007750] Object   ffff8e5081f84990: 00 00 00 00 00 00 00 00 00 00 00 00 00 00 00 00  ................
[   25.007750] Object   ffff8e5081f849a0: 00 00 00 00 00 00 00 00 00 00 00 00 00 00 00 00  ................
[   25.007750] Object   ffff8e5081f849b0: 00 00 00 00 00 00 00 00 00 00 00 00 00 00 00 00  ................
[   25.012576] Object   ffff8e5081f849c0: 00 00 00 00 00 00 00 00 00 00 00 00 00 00 00 00  ................
[   25.012576] Object   ffff8e5081f849d0: 00 00 00 00 00 00 00 00 00 00 00 00 00 00 00 00  ................
[   25.012576] Object   ffff8e5081f849e0: 00 00 00 00 00 00 00 00 00 00 00 00 00 00 00 00  ................
[   25.012576] Object   ffff8e5081f849f0: 00 00 00 00 00 00 00 00 00 00 00 00 00 00 00 00  ................
[   25.012576] Object   ffff8e5081f84a00: 00 00 00 00 00 00 00 00 00 00 00 00 00 00 00 00  ................
[   25.017714] Object   ffff8e5081f84a10: 00 00 00 00 00 00 00 00 00 00 00 00 00 00 00 00  ................
[   25.017714] Object   ffff8e5081f84a20: 00 00 00 00 00 00 00 00 00 00 00 00 00 00 00 00  ................
[   25.017714] Object   ffff8e5081f84a30: 00 00 00 00 00 00 00 00 00 00 00 00 00 00 00 00  ................
[   25.017714] Object   ffff8e5081f84a40: 00 00 00 00 00 00 00 00 00 00 00 00 00 00 00 00  ................
[   25.017714] Object   ffff8e5081f84a50: 00 00 00 00 00 00 00 00 00 00 00 00 00 00 00 00  ................
[   25.017714] Object   ffff8e5081f84a60: 00 00 00 00 00 00 00 00 00 00 00 00 00 00 00 00  ................
[   25.022933] Object   ffff8e5081f84a70: 00 00 00 00 00 00 00 00 00 00 00 00 00 00 00 00  ................
[   25.022933] Object   ffff8e5081f84a80: 00 00 00 00 00 00 00 00 00 00 00 00 00 00 00 00  ................
[   25.022933] Object   ffff8e5081f84a90: 00 00 00 00 00 00 00 00 00 00 00 00 00 00 00 00  ................
[   25.022933] Object   ffff8e5081f84aa0: 00 00 00 00 00 00 00 00 00 00 00 00 00 00 00 00  ................
[   25.022933] Object   ffff8e5081f84ab0: 00 00 00 00 00 00 00 00 00 00 00 00 00 00 00 00  ................
[   25.022933] Object   ffff8e5081f84ac0: 00 00 00 00 00 00 00 00 00 00 00 00 00 00 00 00  ................
[   25.022933] Object   ffff8e5081f84ad0: 00 00 00 00 00 00 00 00 00 00 00 00 00 00 00 00  ................
[   25.027028] Object   ffff8e5081f84ae0: 00 00 00 00 00 00 00 00 00 00 00 00 00 00 00 00  ................
[   25.027028] Object   ffff8e5081f84af0: 00 00 00 00 00 00 00 00 00 00 00 00 00 00 00 00  ................
[   25.027028] Object   ffff8e5081f84b00: 00 00 00 00 00 00 00 00 00 00 00 00 00 00 00 00  ................
[   25.027028] Object   ffff8e5081f84b10: 00 00 00 00 00 00 00 00 00 00 00 00 00 00 00 00  ................
[   25.027028] Object   ffff8e5081f84b20: 00 00 00 00 00 00 00 00 00 00 00 00 00 00 00 00  ................
[   25.027028] Object   ffff8e5081f84b30: 00 00 00 00 00 00 00 00 00 00 00 00 00 00 00 00  ................
[   25.027028] Object   ffff8e5081f84b40: 00 00 00 00 00 00 00 00 00 00 00 00 00 00 00 00  ................
[   25.032283] Object   ffff8e5081f84b50: 00 00 00 00 00 00 00 00 00 00 00 00 00 00 00 00  ................
[   25.032283] Object   ffff8e5081f84b60: 00 00 00 00 00 00 00 00 00 00 00 00 00 00 00 00  ................
[   25.032283] Object   ffff8e5081f84b70: 00 00 00 00 00 00 00 00 00 00 00 00 00 00 00 00  ................
[   25.032283] Object   ffff8e5081f84b80: 00 00 00 00 00 00 00 00 00 00 00 00 00 00 00 00  ................
[   25.032283] Object   ffff8e5081f84b90: 00 00 00 00 00 00 00 00 00 00 00 00 00 00 00 00  ................
[   25.032283] Object   ffff8e5081f84ba0: 00 00 00 00 00 00 00 00 00 00 00 00 00 00 00 00  ................
[   25.032283] Object   ffff8e5081f84bb0: 00 00 00 00 00 00 00 00 00 00 00 00 00 00 00 00  ................
st function
Som[   25.032283] Object   ffff8e5081f84bc0: 00 00 00 00 00 00 00 00 00 00 00 00 00 00 00 00  ................
[   25.037534] Object   ffff8e5081f84bd0: 00 00 00 00 00 00 00 00 00 00 00 00 00 00 00 00  ................
[   25.037534] Object   ffff8e5081f84be0: 00 00 00 00 00 00 00 00 00 00 00 00 00 00 00 00  ................
[   25.037534] Object   ffff8e5081f84bf0: 00 00 00 00 00 00 00 00 00 00 00 00 00 00 00 00  ................
[   25.037534] Object   ffff8e5081f84c00: 00 00 00 00 00 00 00 00 00 00 00 00 00 00 00 00  ................
[   25.037534] Object   ffff8e5081f84c10: 00 00 00 00 00 00 00 00 00 00 00 00 00 00 00 00  ................
[   25.044124] Object   ffff8e5081f84c20: 00 00 00 00 00 00 00 00 00 00 00 00 00 00 00 00  ................
[   25.044124] Object   ffff8e5081f84c30: 00 00 00 00 00 00 00 00 00 00 00 00 00 00 00 00  ................
[   25.044124] Object   ffff8e5081f84c40: 00 00 00 00 00 00 00 00 00 00 00 00 00 00 00 00  ................
[   25.044124] Object   ffff8e5081f84c50: 00 00 00 00 00 00 00 00 00 00 00 00 00 00 00 00  ................
[   25.044124] Object   ffff8e5081f84c60: 00 00 00 00 00 00 00 00 00 00 00 00 00 00 00 00  ................
[   25.044124] Object   ffff8e5081f84c70: 00 00 00 00 00 00 00 00 00 00 00 00 00 00 00 00  ................
[   25.047992] Object   ffff8e5081f84c80: 00 00 00 00 00 00 00 00 00 00 00 00 00 00 00 00  ................
[   25.047992] Object   ffff8e5081f84c90: 00 00 00 00 00 00 00 00 00 00 00 00 00 00 00 00  ................
[   25.047992] Object   ffff8e5081f84ca0: 00 00 00 00 00 00 00 00 00 00 00 00 00 00 00 00  ................
[   25.047992] Object   ffff8e5081f84cb0: 00 00 00 00 00 00 00 00 00 00 00 00 00 00 00 00  ................
[   25.047992] Object   ffff8e5081f84cc0: 00 00 00 00 00 00 00 00 00 00 00 00 00 00 00 00  ................
[   25.047992] Object   ffff8e5081f84cd0: 00 00 00 00 00 00 00 00 00 00 00 00 00 00 00 00  ................
[   25.047992] Object   ffff8e5081f84ce0: 00 00 00 00 00 00 00 00 00 00 00 00 00 00 00 00  ................
[   25.052913] Object   ffff8e5081f84cf0: 00 00 00 00 00 00 00 00 00 00 00 00 00 00 00 00  ................
[   25.052913] Object   ffff8e5081f84d00: 00 00 00 00 00 00 00 00 00 00 00 00 00 00 00 00  ................
[   25.052913] Object   ffff8e5081f84d10: 00 00 00 00 00 00 00 00 00 00 00 00 00 00 00 00  ................
[   25.052913] Object   ffff8e5081f84d20: 00 00 00 00 00 00 00 00 00 00 00 00 00 00 00 00  ................
[   25.052913] Object   ffff8e5081f84d30: 00 00 00 00 00 00 00 00 00 00 00 00 00 00 00 00  ................
[   25.052913] Object   ffff8e5081f84d40: 00 00 00 00 00 00 00 00 00 00 00 00 00 00 00 00  ................
[   25.052913] Object   ffff8e5081f84d50: 00 00 00 00 00 00 00 00 00 00 00 00 00 00 00 00  ................
[   25.052913] Object   ffff8e5081f84d60: 00 00 00 00 00 00 00 00 00 00 00 00 00 00 00 00  ................
[   25.060191] Object   ffff8e5081f84d70: 00 00 00 00 00 00 00 00 00 00 00 00 00 00 00 00  ................
[   25.060191] Object   ffff8e5081f84d80: 00 00 00 00 00 00 00 00 00 00 00 00 00 00 00 00  ................
[   25.060191] Object   ffff8e5081f84d90: 00 00 00 00 00 00 00 00 00 00 00 00 00 00 00 00  ................
[   25.060191] Object   ffff8e5081f84da0: 00 00 00 00 00 00 00 00 00 00 00 00 00 00 00 00  ................
[   25.060191] Object   ffff8e5081f84db0: 00 00 00 00 00 00 00 00 00 00 00 00 00 00 00 00  ................
[   25.060191] Object   ffff8e5081f84dc0: 00 00 00 00 00 00 00 00 00 00 00 00 00 00 00 00  ................
[   25.060191] Object   ffff8e5081f84dd0: 00 00 00 00 00 00 00 00 00 00 00 00 00 00 00 00  ................
[   25.060191] Object   ffff8e5081f84de0: 00 00 00 00 00 00 00 00 00 00 00 00 00 00 00 00  ................
[   25.065264] Object   ffff8e5081f84df0: 00 00 00 00 00 00 00 00 00 00 00 00 00 00 00 00  ................
[   25.065264] Object   ffff8e5081f84e00: 00 00 00 00 00 00 00 00 00 00 00 00 00 00 00 00  ................
[   25.065264] Object   ffff8e5081f84e10: 00 00 00 00 00 00 00 00 00 00 00 00 00 00 00 00  ................
[   25.065264] Object   ffff8e5081f84e20: 00 00 00 00 00 00 00 00 00 00 00 00 00 00 00 00  ................
[   25.065264] Object   ffff8e5081f84e30: 00 00 00 00 00 00 00 00 00 00 00 00 00 00 00 00  ................
[   25.070284] Object   ffff8e5081f84e40: 00 00 00 00 00 00 00 00 00 00 00 00 00 00 00 00  ................
[   25.070284] Object   ffff8e5081f84e50: 00 00 00 00 00 00 00 00 00 00 00 00 00 00 00 00  ................
[   25.070284] Object   ffff8e5081f84e60: 00 00 00 00 00 00 00 00 00 00 00 00 00 00 00 00  ................
[   25.070284] Object   ffff8e5081f84e70: 00 00 00 00 00 00 00 00 00 00 00 00 00 00 00 00  ................
[   25.070284] Object   ffff8e5081f84e80: 00 00 00 00 00 00 00 00 00 00 00 00 00 00 00 00  ................
[   25.070284] Object   ffff8e5081f84e90: 00 00 00 00 00 00 00 00 00 00 00 00 00 00 00 00  ................
[   25.070284] Object   ffff8e5081f84ea0: 00 00 00 00 00 00 00 00 00 00 00 00 00 00 00 00  ................
[   25.075537] Object   ffff8e5081f84eb0: 00 00 00 00 00 00 00 00 00 00 00 00 00 00 00 00  ................
[   25.075537] Object   ffff8e5081f84ec0: 00 00 00 00 00 00 00 00 00 00 00 00 00 00 00 00  ................
[   25.075537] Object   ffff8e5081f84ed0: 00 00 00 00 00 00 00 00 00 00 00 00 00 00 00 00  ................
[   25.075537] Object   ffff8e5081f84ee0: 00 00 00 00 00 00 00 00 00 00 00 00 00 00 00 00  ................
[   25.075537] Object   ffff8e5081f84ef0: 00 00 00 00 00 00 00 00 00 00 00 00 00 00 00 00  ................
[   25.075537] Object   ffff8e5081f84f00: 00 00 00 00 00 00 00 00 00 00 00 00 00 00 00 00  ................
[   25.075537] Object   ffff8e5081f84f10: 00 00 00 00 00 00 00 00 00 00 00 00 00 00 00 00  ................
[   25.075537] Object   ffff8e5081f84f20: 00 00 00 00 00 00 00 00 00 00 00 00 00 00 00 00  ................
[   25.075537] Object   ffff8e5081f84f30: 00 00 00 00 00 00 00 00 00 00 00 00 00 00 00 00  ................
[   25.081759] Object   ffff8e5081f84f40: 00 00 00 00 00 00 00 00 00 00 00 00 00 00 00 00  ................
[   25.081759] Object   ffff8e5081f84f50: 00 00 00 00 00 00 00 00 00 00 00 00 00 00 00 00  ................
[   25.081759] Object   ffff8e5081f84f60: 00 00 00 00 00 00 00 00 00 00 00 00 00 00 00 00  ................
[   25.086541] Object   ffff8e5081f84f70: 00 00 00 00 00 00 00 00 00 00 00 00 00 00 00 00  ................
[   25.086541] Object   ffff8e5081f84f80: 00 00 00 00 00 00 00 00 00 00 00 00 00 00 00 00  ................
[   25.086541] Object   ffff8e5081f84f90: 00 00 00 00 00 00 00 00 00 00 00 00 00 00 00 00  ................
[   25.086541] Object   ffff8e5081f84fa0: 00 00 00 00 00 00 00 00 00 00 00 00 00 00 00 00  ................
[   25.086541] Object   ffff8e5081f84fb0: 00 00 00 00 00 00 00 00 00 00 00 00 00 00 00 00  ................
[   25.086541] Object   ffff8e5081f84fc0: 00 00 00 00 00 00 00 00 00 00 00 00 00 00 00 00  ................
[   25.086541] Object   ffff8e5081f84fd0: 00 00 00 00 00 00 00 00 00 00 00 00 00 00 00 00  ................
[   25.091709] Object   ffff8e5081f84fe0: 00 00 00 00 00 00 00 00 00 00 00 00 00 00 00 00  ................
[   25.091709] Object   ffff8e5081f84ff0: 00 00 00 00 00 00 00 00 00 00 00 00 00 00 00 00  ................
[   25.091709] Redzone  ffff8e5081f85000: bb bb bb bb bb bb bb bb                          ........
[   25.091709] Padding  ffff8e5081f85054: 5a 5a 5a 5a 5a 5a 5a 5a 5a 5a 5a 5a 5a 5a 5a 5a  ZZZZZZZZZZZZZZZZ
[   25.091709] Padding  ffff8e5081f85064: 5a 5a 5a 5a 5a 5a 5a 5a 5a 5a 5a 5a 5a 5a 5a 5a  ZZZZZZZZZZZZZZZZ
[   25.091709] Padding  ffff8e5081f85074: 5a 5a 5a 5a 5a 5a 5a 5a 5a 5a 5a 5a 5a 5a 5a 5a  ZZZZZZZZZZZZZZZZ
[   25.096080] Padding  ffff8e5081f85084: 5a 5a 5a 5a 5a 5a 5a 5a 5a 5a 5a 5a 5a 5a 5a 5a  ZZZZZZZZZZZZZZZZ
[   25.096080] Padding  ffff8e5081f85094: 5a 5a 5a 5a 5a 5a 5a 5a 5a 5a 5a 5a 5a 5a 5a 5a  ZZZZZZZZZZZZZZZZ
[   25.096080] Padding  ffff8e5081f850a4: 5a 5a 5a 5a 5a 5a 5a 5a 5a 5a 5a 5a 5a 5a 5a 5a  ZZZZZZZZZZZZZZZZ
[   25.096080] Padding  ffff8e5081f850b4: 5a 5a 5a 5a 5a 5a 5a 5a 5a 5a 5a 5a 5a 5a 5a 5a  ZZZZZZZZZZZZZZZZ
[   25.096080] Padding  ffff8e5081f850c4: 5a 5a 5a 5a 5a 5a 5a 5a 5a 5a 5a 5a 5a 5a 5a 5a  ZZZZZZZZZZZZZZZZ
[   25.096080] Padding  ffff8e5081f850d4: 5a 5a 5a 5a 5a 5a 5a 5a 5a 5a 5a 5a 5a 5a 5a 5a  ZZZZZZZZZZZZZZZZ
[   25.096080] Padding  ffff8e5081f850e4: 5a 5a 5a 5a 5a 5a 5a 5a 5a 5a 5a 5a 5a 5a 5a 5a  ZZZZZZZZZZZZZZZZ
[   25.101333] Padding  ffff8e5081f850f4: 5a 5a 5a 5a 5a 5a 5a 5a 5a 5a 5a 5a 5a 5a 5a 5a  ZZZZZZZZZZZZZZZZ
[   25.101333] Padding  ffff8e5081f85104: 5a 5a 5a 5a 5a 5a 5a 5a 5a 5a 5a 5a 5a 5a 5a 5a  ZZZZZZZZZZZZZZZZ
[   25.101333] Padding  ffff8e5081f85114: 5a 5a 5a 5a 5a 5a 5a 5a 5a 5a 5a 5a 5a 5a 5a 5a  ZZZZZZZZZZZZZZZZ
[   25.101333] Padding  ffff8e5081f85124: 5a 5a 5a 5a 5a 5a 5a 5a 5a 5a 5a 5a 5a 5a 5a 5a  ZZZZZZZZZZZZZZZZ
[   25.101333] Padding  ffff8e5081f85134: 5a 5a 5a 5a 5a 5a 5a 5a 5a 5a 5a 5a 5a 5a 5a 5a  ZZZZZZZZZZZZZZZZ
[   25.101333] Padding  ffff8e5081f85144: 5a 5a 5a 5a 5a 5a 5a 5a 5a 5a 5a 5a 5a 5a 5a 5a  ZZZZZZZZZZZZZZZZ
[   25.101333] Padding  ffff8e5081f85154: 5a 5a 5a 5a 5a 5a 5a 5a 5a 5a 5a 5a 5a 5a 5a 5a  ZZZZZZZZZZZZZZZZ
[   25.106135] Padding  ffff8e5081f85164: 5a 5a 5a 5a 5a 5a 5a 5a 5a 5a 5a 5a 5a 5a 5a 5a  ZZZZZZZZZZZZZZZZ
[   25.106135] Padding  ffff8e5081f85174: 5a 5a 5a 5a 5a 5a 5a 5a 5a 5a 5a 5a 5a 5a 5a 5a  ZZZZZZZZZZZZZZZZ
[   25.106135] Padding  ffff8e5081f85184: 5a 5a 5a 5a 5a 5a 5a 5a 5a 5a 5a 5a 5a 5a 5a 5a  ZZZZZZZZZZZZZZZZ
[   25.106135] Padding  ffff8e5081f85194: 5a 5a 5a 5a 5a 5a 5a 5a 5a 5a 5a 5a 5a 5a 5a 5a  ZZZZZZZZZZZZZZZZ
[   25.106135] Padding  ffff8e5081f851a4: 5a 5a 5a 5a 5a 5a 5a 5a 5a 5a 5a 5a 5a 5a 5a 5a  ZZZZZZZZZZZZZZZZ
[   25.106135] Padding  ffff8e5081f851b4: 5a 5a 5a 5a 5a 5a 5a 5a 5a 5a 5a 5a 5a 5a 5a 5a  ZZZZZZZZZZZZZZZZ
[   25.111066] Padding  ffff8e5081f851c4: 5a 5a 5a 5a 5a 5a 5a 5a 5a 5a 5a 5a 5a 5a 5a 5a  ZZZZZZZZZZZZZZZZ
[   25.111066] Padding  ffff8e5081f851d4: 5a 5a 5a 5a 5a 5a 5a 5a 5a 5a 5a 5a 5a 5a 5a 5a  ZZZZZZZZZZZZZZZZ
[   25.111066] Padding  ffff8e5081f851e4: 5a 5a 5a 5a 5a 5a 5a 5a 5a 5a 5a 5a 5a 5a 5a 5a  ZZZZZZZZZZZZZZZZ
[   25.111066] Padding  ffff8e5081f851f4: 5a 5a 5a 5a 5a 5a 5a 5a 5a 5a 5a 5a 5a 5a 5a 5a  ZZZZZZZZZZZZZZZZ
[   25.111066] Padding  ffff8e5081f85204: 5a 5a 5a 5a 5a 5a 5a 5a 5a 5a 5a 5a 5a 5a 5a 5a  ZZZZZZZZZZZZZZZZ
[   25.111066] Padding  ffff8e5081f85214: 5a 5a 5a 5a 5a 5a 5a 5a 5a 5a 5a 5a 5a 5a 5a 5a  ZZZZZZZZZZZZZZZZ
[   25.111066] Padding  ffff8e5081f85224: 5a 5a 5a 5a 5a 5a 5a 5a 5a 5a 5a 5a 5a 5a 5a 5a  ZZZZZZZZZZZZZZZZ
[   25.111066] Padding  ffff8e5081f85234: 5a 5a 5a 5a 5a 5a 5a 5a 5a 5a 5a 5a 5a 5a 5a 5a  ZZZZZZZZZZZZZZZZ
[   25.116176] Padding  ffff8e5081f85244: 5a 5a 5a 5a 5a 5a 5a 5a 5a 5a 5a 5a 5a 5a 5a 5a  ZZZZZZZZZZZZZZZZ
[   25.116176] Padding  ffff8e5081f85254: 5a 5a 5a 5a 5a 5a 5a 5a 5a 5a 5a 5a 5a 5a 5a 5a  ZZZZZZZZZZZZZZZZ
[   25.116176] Padding  ffff8e5081f85264: 5a 5a 5a 5a 5a 5a 5a 5a 5a 5a 5a 5a 5a 5a 5a 5a  ZZZZZZZZZZZZZZZZ
[   25.116176] Padding  ffff8e5081f85274: 5a 5a 5a 5a 5a 5a 5a 5a 5a 5a 5a 5a 5a 5a 5a 5a  ZZZZZZZZZZZZZZZZ
[   25.116176] Padding  ffff8e5081f85284: 5a 5a 5a 5a 5a 5a 5a 5a 5a 5a 5a 5a 5a 5a 5a 5a  ZZZZZZZZZZZZZZZZ
[   25.121067] Padding  ffff8e5081f85294: 5a 5a 5a 5a 5a 5a 5a 5a 5a 5a 5a 5a 5a 5a 5a 5a  ZZZZZZZZZZZZZZZZ
[   25.121067] Padding  ffff8e5081f852a4: 5a 5a 5a 5a 5a 5a 5a 5a 5a 5a 5a 5a 5a 5a 5a 5a  ZZZZZZZZZZZZZZZZ
[   25.121067] Padding  ffff8e5081f852b4: 5a 5a 5a 5a 5a 5a 5a 5a 5a 5a 5a 5a 5a 5a 5a 5a  ZZZZZZZZZZZZZZZZ
[   25.121067] Padding  ffff8e5081f852c4: 5a 5a 5a 5a 5a 5a 5a 5a 5a 5a 5a 5a 5a 5a 5a 5a  ZZZZZZZZZZZZZZZZ
[   25.121067] Padding  ffff8e5081f852d4: 5a 5a 5a 5a 5a 5a 5a 5a 5a 5a 5a 5a 5a 5a 5a 5a  ZZZZZZZZZZZZZZZZ
[   25.121067] Padding  ffff8e5081f852e4: 5a 5a 5a 5a 5a 5a 5a 5a 5a 5a 5a 5a 5a 5a 5a 5a  ZZZZZZZZZZZZZZZZ
[   25.121067] Padding  ffff8e5081f852f4: 5a 5a 5a 5a 5a 5a 5a 5a 5a 5a 5a 5a 5a 5a 5a 5a  ZZZZZZZZZZZZZZZZ
[   25.121067] Padding  ffff8e5081f85304: 5a 5a 5a 5a 5a 5a 5a 5a 5a 5a 5a 5a 5a 5a 5a 5a  ZZZZZZZZZZZZZZZZ
[   25.126499] Padding  ffff8e5081f85314: 5a 5a 5a 5a 5a 5a 5a 5a 5a 5a 5a 5a 5a 5a 5a 5a  ZZZZZZZZZZZZZZZZ
[   25.126499] Padding  ffff8e5081f85324: 5a 5a 5a 5a 5a 5a 5a 5a 5a 5a 5a 5a 5a 5a 5a 5a  ZZZZZZZZZZZZZZZZ
[   25.126499] Padding  ffff8e5081f85334: 5a 5a 5a 5a 5a 5a 5a 5a 5a 5a 5a 5a 5a 5a 5a 5a  ZZZZZZZZZZZZZZZZ
[   25.126499] Padding  ffff8e5081f85344: 5a 5a 5a 5a 5a 5a 5a 5a 5a 5a 5a 5a 5a 5a 5a 5a  ZZZZZZZZZZZZZZZZ
[   25.126499] Padding  ffff8e5081f85354: 5a 5a 5a 5a 5a 5a 5a 5a 5a 5a 5a 5a 5a 5a 5a 5a  ZZZZZZZZZZZZZZZZ
[   25.126499] Padding  ffff8e5081f85364: 5a 5a 5a 5a 5a 5a 5a 5a 5a 5a 5a 5a 5a 5a 5a 5a  ZZZZZZZZZZZZZZZZ
[   25.126499] Padding  ffff8e5081f85374: 5a 5a 5a 5a 5a 5a 5a 5a 5a 5a 5a 5a 5a 5a 5a 5a  ZZZZZZZZZZZZZZZZ
[   25.126499] Padding  ffff8e5081f85384: 5a 5a 5a 5a 5a 5a 5a 5a 5a 5a 5a 5a 5a 5a 5a 5a  ZZZZZZZZZZZZZZZZ
[   25.131192] Padding  ffff8e5081f85394: 5a 5a 5a 5a 5a 5a 5a 5a 5a 5a 5a 5a 5a 5a 5a 5a  ZZZZZZZZZZZZZZZZ
[   25.131192] Padding  ffff8e5081f853a4: 5a 5a 5a 5a 5a 5a 5a 5a 5a 5a 5a 5a 5a 5a 5a 5a  ZZZZZZZZZZZZZZZZ
[   25.131192] Padding  ffff8e5081f853b4: 5a 5a 5a 5a 5a 5a 5a 5a 5a 5a 5a 5a 5a 5a 5a 5a  ZZZZZZZZZZZZZZZZ
[   25.131192] Padding  ffff8e5081f853c4: 5a 5a 5a 5a 5a 5a 5a 5a 5a 5a 5a 5a 5a 5a 5a 5a  ZZZZZZZZZZZZZZZZ
[   25.131192] Padding  ffff8e5081f853d4: 5a 5a 5a 5a 5a 5a 5a 5a 5a 5a 5a 5a 5a 5a 5a 5a  ZZZZZZZZZZZZZZZZ
[   25.131192] Padding  ffff8e5081f853e4: 5a 5a 5a 5a 5a 5a 5a 5a 5a 5a 5a 5a 5a 5a 5a 5a  ZZZZZZZZZZZZZZZZ
[   25.131192] Padding  ffff8e5081f853f4: 5a 5a 5a 5a 5a 5a 5a 5a 5a 5a 5a 5a 5a 5a 5a 5a  ZZZZZZZZZZZZZZZZ
[   25.131192] Padding  ffff8e5081f85404: 5a 5a 5a 5a 5a 5a 5a 5a 5a 5a 5a 5a 5a 5a 5a 5a  ZZZZZZZZZZZZZZZZ
[   25.137756] Padding  ffff8e5081f85414: 5a 5a 5a 5a 5a 5a 5a 5a 5a 5a 5a 5a 5a 5a 5a 5a  ZZZZZZZZZZZZZZZZ
[   25.137756] Padding  ffff8e5081f85424: 5a 5a 5a 5a 5a 5a 5a 5a 5a 5a 5a 5a 5a 5a 5a 5a  ZZZZZZZZZZZZZZZZ
[   25.137756] Padding  ffff8e5081f85434: 5a 5a 5a 5a 5a 5a 5a 5a 5a 5a 5a 5a 5a 5a 5a 5a  ZZZZZZZZZZZZZZZZ
[   25.137756] Padding  ffff8e5081f85444: 5a 5a 5a 5a 5a 5a 5a 5a 5a 5a 5a 5a 5a 5a 5a 5a  ZZZZZZZZZZZZZZZZ
[   25.137756] Padding  ffff8e5081f85454: 5a 5a 5a 5a 5a 5a 5a 5a 5a 5a 5a 5a 5a 5a 5a 5a  ZZZZZZZZZZZZZZZZ
[   25.137756] Padding  ffff8e5081f85464: 5a 5a 5a 5a 5a 5a 5a 5a 5a 5a 5a 5a 5a 5a 5a 5a  ZZZZZZZZZZZZZZZZ
[   25.143453] Padding  ffff8e5081f85474: 5a 5a 5a 5a 5a 5a 5a 5a 5a 5a 5a 5a 5a 5a 5a 5a  ZZZZZZZZZZZZZZZZ
[   25.143453] Padding  ffff8e5081f85484: 5a 5a 5a 5a 5a 5a 5a 5a 5a 5a 5a 5a 5a 5a 5a 5a  ZZZZZZZZZZZZZZZZ
[   25.143453] Padding  ffff8e5081f85494: 5a 5a 5a 5a 5a 5a 5a 5a 5a 5a 5a 5a 5a 5a 5a 5a  ZZZZZZZZZZZZZZZZ
[   25.143453] Padding  ffff8e5081f854a4: 5a 5a 5a 5a 5a 5a 5a 5a 5a 5a 5a 5a 5a 5a 5a 5a  ZZZZZZZZZZZZZZZZ
[   25.143453] Padding  ffff8e5081f854b4: 5a 5a 5a 5a 5a 5a 5a 5a 5a 5a 5a 5a 5a 5a 5a 5a  ZZZZZZZZZZZZZZZZ
[   25.148241] Padding  ffff8e5081f854c4: 5a 5a 5a 5a 5a 5a 5a 5a 5a 5a 5a 5a 5a 5a 5a 5a  ZZZZZZZZZZZZZZZZ
[   25.148241] Padding  ffff8e5081f854d4: 5a 5a 5a 5a 5a 5a 5a 5a 5a 5a 5a 5a 5a 5a 5a 5a  ZZZZZZZZZZZZZZZZ
[   25.148241] Padding  ffff8e5081f854e4: 5a 5a 5a 5a 5a 5a 5a 5a 5a 5a 5a 5a 5a 5a 5a 5a  ZZZZZZZZZZZZZZZZ
[   25.148241] Padding  ffff8e5081f854f4: 5a 5a 5a 5a 5a 5a 5a 5a 5a 5a 5a 5a 5a 5a 5a 5a  ZZZZZZZZZZZZZZZZ
[   25.148241] Padding  ffff8e5081f85504: 5a 5a 5a 5a 5a 5a 5a 5a 5a 5a 5a 5a 5a 5a 5a 5a  ZZZZZZZZZZZZZZZZ
[   25.152068] Padding  ffff8e5081f85514: 5a 5a 5a 5a 5a 5a 5a 5a 5a 5a 5a 5a 5a 5a 5a 5a  ZZZZZZZZZZZZZZZZ
[   25.152068] Padding  ffff8e5081f85524: 5a 5a 5a 5a 5a 5a 5a 5a 5a 5a 5a 5a 5a 5a 5a 5a  ZZZZZZZZZZZZZZZZ
[   25.152068] Padding  ffff8e5081f85534: 5a 5a 5a 5a 5a 5a 5a 5a 5a 5a 5a 5a 5a 5a 5a 5a  ZZZZZZZZZZZZZZZZ
[   25.152068] Padding  ffff8e5081f85544: 5a 5a 5a 5a 5a 5a 5a 5a 5a 5a 5a 5a 5a 5a 5a 5a  ZZZZZZZZZZZZZZZZ
[   25.152068] Padding  ffff8e5081f85554: 5a 5a 5a 5a 5a 5a 5a 5a 5a 5a 5a 5a 5a 5a 5a 5a  ZZZZZZZZZZZZZZZZ
[   25.152068] Padding  ffff8e5081f85564: 5a 5a 5a 5a 5a 5a 5a 5a 5a 5a 5a 5a 5a 5a 5a 5a  ZZZZZZZZZZZZZZZZ
[   25.152068] Padding  ffff8e5081f85574: 5a 5a 5a 5a 5a 5a 5a 5a 5a 5a 5a 5a 5a 5a 5a 5a  ZZZZZZZZZZZZZZZZ
[   25.158009] Padding  ffff8e5081f85584: 5a 5a 5a 5a 5a 5a 5a 5a 5a 5a 5a 5a 5a 5a 5a 5a  ZZZZZZZZZZZZZZZZ
[   25.158009] Padding  ffff8e5081f85594: 5a 5a 5a 5a 5a 5a 5a 5a 5a 5a 5a 5a 5a 5a 5a 5a  ZZZZZZZZZZZZZZZZ
[   25.158009] Padding  ffff8e5081f855a4: 5a 5a 5a 5a 5a 5a 5a 5a 5a 5a 5a 5a 5a 5a 5a 5a  ZZZZZZZZZZZZZZZZ
[   25.158009] Padding  ffff8e5081f855b4: 5a 5a 5a 5a 5a 5a 5a 5a 5a 5a 5a 5a 5a 5a 5a 5a  ZZZZZZZZZZZZZZZZ
[   25.158009] Padding  ffff8e5081f855c4: 5a 5a 5a 5a 5a 5a 5a 5a 5a 5a 5a 5a 5a 5a 5a 5a  ZZZZZZZZZZZZZZZZ
[   25.162152] Padding  ffff8e5081f855d4: 5a 5a 5a 5a 5a 5a 5a 5a 5a 5a 5a 5a 5a 5a 5a 5a  ZZZZZZZZZZZZZZZZ
[   25.162152] Padding  ffff8e5081f855e4: 5a 5a 5a 5a 5a 5a 5a 5a 5a 5a 5a 5a 5a 5a 5a 5a  ZZZZZZZZZZZZZZZZ
[   25.162152] Padding  ffff8e5081f855f4: 5a 5a 5a 5a 5a 5a 5a 5a 5a 5a 5a 5a 5a 5a 5a 5a  ZZZZZZZZZZZZZZZZ
[   25.162152] Padding  ffff8e5081f85604: 5a 5a 5a 5a 5a 5a 5a 5a 5a 5a 5a 5a 5a 5a 5a 5a  ZZZZZZZZZZZZZZZZ
[   25.162152] Padding  ffff8e5081f85614: 5a 5a 5a 5a 5a 5a 5a 5a 5a 5a 5a 5a 5a 5a 5a 5a  ZZZZZZZZZZZZZZZZ
[   25.162152] Padding  ffff8e5081f85624: 5a 5a 5a 5a 5a 5a 5a 5a 5a 5a 5a 5a 5a 5a 5a 5a  ZZZZZZZZZZZZZZZZ
[   25.162152] Padding  ffff8e5081f85634: 5a 5a 5a 5a 5a 5a 5a 5a 5a 5a 5a 5a 5a 5a 5a 5a  ZZZZZZZZZZZZZZZZ
[   25.167875] Padding  ffff8e5081f85644: 5a 5a 5a 5a 5a 5a 5a 5a 5a 5a 5a 5a 5a 5a 5a 5a  ZZZZZZZZZZZZZZZZ
[   25.167875] Padding  ffff8e5081f85654: 5a 5a 5a 5a 5a 5a 5a 5a 5a 5a 5a 5a 5a 5a 5a 5a  ZZZZZZZZZZZZZZZZ
[   25.167875] Padding  ffff8e5081f85664: 5a 5a 5a 5a 5a 5a 5a 5a 5a 5a 5a 5a 5a 5a 5a 5a  ZZZZZZZZZZZZZZZZ
[   25.167875] Padding  ffff8e5081f85674: 5a 5a 5a 5a 5a 5a 5a 5a 5a 5a 5a 5a 5a 5a 5a 5a  ZZZZZZZZZZZZZZZZ
[   25.167875] Padding  ffff8e5081f85684: 5a 5a 5a 5a 5a 5a 5a 5a 5a 5a 5a 5a 5a 5a 5a 5a  ZZZZZZZZZZZZZZZZ
[   25.167875] Padding  ffff8e5081f85694: 5a 5a 5a 5a 5a 5a 5a 5a 5a 5a 5a 5a 5a 5a 5a 5a  ZZZZZZZZZZZZZZZZ
[   25.167875] Padding  ffff8e5081f856a4: 5a 5a 5a 5a 5a 5a 5a 5a 5a 5a 5a 5a 5a 5a 5a 5a  ZZZZZZZZZZZZZZZZ
[   25.167875] Padding  ffff8e5081f856b4: 5a 5a 5a 5a 5a 5a 5a 5a 5a 5a 5a 5a 5a 5a 5a 5a  ZZZZZZZZZZZZZZZZ
[   25.173481] Padding  ffff8e5081f856c4: 5a 5a 5a 5a 5a 5a 5a 5a 5a 5a 5a 5a 5a 5a 5a 5a  ZZZZZZZZZZZZZZZZ
[   25.173481] Padding  ffff8e5081f856d4: 5a 5a 5a 5a 5a 5a 5a 5a 5a 5a 5a 5a 5a 5a 5a 5a  ZZZZZZZZZZZZZZZZ
[   25.173481] Padding  ffff8e5081f856e4: 5a 5a 5a 5a 5a 5a 5a 5a 5a 5a 5a 5a 5a 5a 5a 5a  ZZZZZZZZZZZZZZZZ
[   25.173481] Padding  ffff8e5081f856f4: 5a 5a 5a 5a 5a 5a 5a 5a 5a 5a 5a 5a 5a 5a 5a 5a  ZZZZZZZZZZZZZZZZ
[   25.173481] Padding  ffff8e5081f85704: 5a 5a 5a 5a 5a 5a 5a 5a 5a 5a 5a 5a 5a 5a 5a 5a  ZZZZZZZZZZZZZZZZ
[   25.173481] Padding  ffff8e5081f85714: 5a 5a 5a 5a 5a 5a 5a 5a 5a 5a 5a 5a 5a 5a 5a 5a  ZZZZZZZZZZZZZZZZ
[   25.178239] Padding  ffff8e5081f85724: 5a 5a 5a 5a 5a 5a 5a 5a 5a 5a 5a 5a 5a 5a 5a 5a  ZZZZZZZZZZZZZZZZ
[   25.178239] Padding  ffff8e5081f85734: 5a 5a 5a 5a 5a 5a 5a 5a 5a 5a 5a 5a 5a 5a 5a 5a  ZZZZZZZZZZZZZZZZ
[   25.178239] Padding  ffff8e5081f85744: 5a 5a 5a 5a 5a 5a 5a 5a 5a 5a 5a 5a 5a 5a 5a 5a  ZZZZZZZZZZZZZZZZ
[   25.178239] Padding  ffff8e5081f85754: 5a 5a 5a 5a 5a 5a 5a 5a 5a 5a 5a 5a 5a 5a 5a 5a  ZZZZZZZZZZZZZZZZ
[   25.178239] Padding  ffff8e5081f85764: 5a 5a 5a 5a 5a 5a 5a 5a 5a 5a 5a 5a 5a 5a 5a 5a  ZZZZZZZZZZZZZZZZ
[   25.178239] Padding  ffff8e5081f85774: 5a 5a 5a 5a 5a 5a 5a 5a 5a 5a 5a 5a 5a 5a 5a 5a  ZZZZZZZZZZZZZZZZ
[   25.183401] Padding  ffff8e5081f85784: 5a 5a 5a 5a 5a 5a 5a 5a 5a 5a 5a 5a 5a 5a 5a 5a  ZZZZZZZZZZZZZZZZ
[   25.183401] Padding  ffff8e5081f85794: 5a 5a 5a 5a 5a 5a 5a 5a 5a 5a 5a 5a 5a 5a 5a 5a  ZZZZZZZZZZZZZZZZ
[   25.183401] Padding  ffff8e5081f857a4: 5a 5a 5a 5a 5a 5a 5a 5a 5a 5a 5a 5a 5a 5a 5a 5a  ZZZZZZZZZZZZZZZZ
[   25.183401] Padding  ffff8e5081f857b4: 5a 5a 5a 5a 5a 5a 5a 5a 5a 5a 5a 5a 5a 5a 5a 5a  ZZZZZZZZZZZZZZZZ
[   25.183401] Padding  ffff8e5081f857c4: 5a 5a 5a 5a 5a 5a 5a 5a 5a 5a 5a 5a 5a 5a 5a 5a  ZZZZZZZZZZZZZZZZ
[   25.183401] Padding  ffff8e5081f857d4: 5a 5a 5a 5a 5a 5a 5a 5a 5a 5a 5a 5a 5a 5a 5a 5a  ZZZZZZZZZZZZZZZZ
[   25.183401] Padding  ffff8e5081f857e4: 5a 5a 5a 5a 5a 5a 5a 5a 5a 5a 5a 5a 5a 5a 5a 5a  ZZZZZZZZZZZZZZZZ
[   25.183401] Padding  ffff8e5081f857f4: 5a 5a 5a 5a 5a 5a 5a 5a 5a 5a 5a 5a 5a 5a 5a 5a  ZZZZZZZZZZZZZZZZ
[   25.188403] Padding  ffff8e5081f85804: 5a 5a 5a 5a 5a 5a 5a 5a 5a 5a 5a 5a 5a 5a 5a 5a  ZZZZZZZZZZZZZZZZ
[   25.188403] Padding  ffff8e5081f85814: 5a 5a 5a 5a 5a 5a 5a 5a 5a 5a 5a 5a 5a 5a 5a 5a  ZZZZZZZZZZZZZZZZ
[   25.188403] Padding  ffff8e5081f85824: 5a 5a 5a 5a 5a 5a 5a 5a 5a 5a 5a 5a 5a 5a 5a 5a  ZZZZZZZZZZZZZZZZ
[   25.188403] Padding  ffff8e5081f85834: 5a 5a 5a 5a 5a 5a 5a 5a 5a 5a 5a 5a 5a 5a 5a 5a  ZZZZZZZZZZZZZZZZ
[   25.188403] Padding  ffff8e5081f85844: 5a 5a 5a 5a 5a 5a 5a 5a 5a 5a 5a 5a 5a 5a 5a 5a  ZZZZZZZZZZZZZZZZ
[   25.188403] Padding  ffff8e5081f85854: 5a 5a 5a 5a 5a 5a 5a 5a 5a 5a 5a 5a 5a 5a 5a 5a  ZZZZZZZZZZZZZZZZ
[   25.193489] Padding  ffff8e5081f85864: 5a 5a 5a 5a 5a 5a 5a 5a 5a 5a 5a 5a 5a 5a 5a 5a  ZZZZZZZZZZZZZZZZ
[   25.193489] Padding  ffff8e5081f85874: 5a 5a 5a 5a 5a 5a 5a 5a 5a 5a 5a 5a 5a 5a 5a 5a  ZZZZZZZZZZZZZZZZ
[   25.193489] Padding  ffff8e5081f85884: 5a 5a 5a 5a 5a 5a 5a 5a 5a 5a 5a 5a 5a 5a 5a 5a  ZZZZZZZZZZZZZZZZ
[   25.193489] Padding  ffff8e5081f85894: 5a 5a 5a 5a 5a 5a 5a 5a 5a 5a 5a 5a 5a 5a 5a 5a  ZZZZZZZZZZZZZZZZ
[   25.193489] Padding  ffff8e5081f858a4: 5a 5a 5a 5a 5a 5a 5a 5a 5a 5a 5a 5a 5a 5a 5a 5a  ZZZZZZZZZZZZZZZZ
[   25.193489] Padding  ffff8e5081f858b4: 5a 5a 5a 5a 5a 5a 5a 5a 5a 5a 5a 5a 5a 5a 5a 5a  ZZZZZZZZZZZZZZZZ
[   25.193489] Padding  ffff8e5081f858c4: 5a 5a 5a 5a 5a 5a 5a 5a 5a 5a 5a 5a 5a 5a 5a 5a  ZZZZZZZZZZZZZZZZ
[   25.198065] Padding  ffff8e5081f858d4: 5a 5a 5a 5a 5a 5a 5a 5a 5a 5a 5a 5a 5a 5a 5a 5a  ZZZZZZZZZZZZZZZZ
[   25.198065] Padding  ffff8e5081f858e4: 5a 5a 5a 5a 5a 5a 5a 5a 5a 5a 5a 5a 5a 5a 5a 5a  ZZZZZZZZZZZZZZZZ
[   25.198065] Padding  ffff8e5081f858f4: 5a 5a 5a 5a 5a 5a 5a 5a 5a 5a 5a 5a 5a 5a 5a 5a  ZZZZZZZZZZZZZZZZ
[   25.198065] Padding  ffff8e5081f85904: 5a 5a 5a 5a 5a 5a 5a 5a 5a 5a 5a 5a 5a 5a 5a 5a  ZZZZZZZZZZZZZZZZ
[   25.198065] Padding  ffff8e5081f85914: 5a 5a 5a 5a 5a 5a 5a 5a 5a 5a 5a 5a 5a 5a 5a 5a  ZZZZZZZZZZZZZZZZ
[   25.198065] Padding  ffff8e5081f85924: 5a 5a 5a 5a 5a 5a 5a 5a 5a 5a 5a 5a 5a 5a 5a 5a  ZZZZZZZZZZZZZZZZ
[   25.198065] Padding  ffff8e5081f85934: 5a 5a 5a 5a 5a 5a 5a 5a 5a 5a 5a 5a 5a 5a 5a 5a  ZZZZZZZZZZZZZZZZ
[   25.198065] Padding  ffff8e5081f85944: 5a 5a 5a 5a 5a 5a 5a 5a 5a 5a 5a 5a 5a 5a 5a 5a  ZZZZZZZZZZZZZZZZ
[   25.198065] Padding  ffff8e5081f85954: 5a 5a 5a 5a 5a 5a 5a 5a 5a 5a 5a 5a 5a 5a 5a 5a  ZZZZZZZZZZZZZZZZ
[   25.204437] Padding  ffff8e5081f85964: 5a 5a 5a 5a 5a 5a 5a 5a 5a 5a 5a 5a 5a 5a 5a 5a  ZZZZZZZZZZZZZZZZ
[   25.204437] Padding  ffff8e5081f85974: 5a 5a 5a 5a 5a 5a 5a 5a 5a 5a 5a 5a 5a 5a 5a 5a  ZZZZZZZZZZZZZZZZ
[   25.204437] Padding  ffff8e5081f85984: 5a 5a 5a 5a 5a 5a 5a 5a 5a 5a 5a 5a 5a 5a 5a 5a  ZZZZZZZZZZZZZZZZ
[   25.204437] Padding  ffff8e5081f85994: 5a 5a 5a 5a 5a 5a 5a 5a 5a 5a 5a 5a 5a 5a 5a 5a  ZZZZZZZZZZZZZZZZ
[   25.204437] Padding  ffff8e5081f859a4: 5a 5a 5a 5a 5a 5a 5a 5a 5a 5a 5a 5a 5a 5a 5a 5a  ZZZZZZZZZZZZZZZZ
[   25.204437] Padding  ffff8e5081f859b4: 5a 5a 5a 5a 5a 5a 5a 5a 5a 5a 5a 5a 5a 5a 5a 5a  ZZZZZZZZZZZZZZZZ
[   25.209123] Padding  ffff8e5081f859c4: 5a 5a 5a 5a 5a 5a 5a 5a 5a 5a 5a 5a 5a 5a 5a 5a  ZZZZZZZZZZZZZZZZ
[   25.209123] Padding  ffff8e5081f859d4: 5a 5a 5a 5a 5a 5a 5a 5a 5a 5a 5a 5a 5a 5a 5a 5a  ZZZZZZZZZZZZZZZZ
[   25.209123] Padding  ffff8e5081f859e4: 5a 5a 5a 5a 5a 5a 5a 5a 5a 5a 5a 5a 5a 5a 5a 5a  ZZZZZZZZZZZZZZZZ
[   25.209123] Padding  ffff8e5081f859f4: 5a 5a 5a 5a 5a 5a 5a 5a 5a 5a 5a 5a 5a 5a 5a 5a  ZZZZZZZZZZZZZZZZ
[   25.209123] Padding  ffff8e5081f85a04: 5a 5a 5a 5a 5a 5a 5a 5a 5a 5a 5a 5a 5a 5a 5a 5a  ZZZZZZZZZZZZZZZZ
[   25.209123] Padding  ffff8e5081f85a14: 5a 5a 5a 5a 5a 5a 5a 5a 5a 5a 5a 5a 5a 5a 5a 5a  ZZZZZZZZZZZZZZZZ
[   25.209123] Padding  ffff8e5081f85a24: 5a 5a 5a 5a 5a 5a 5a 5a 5a 5a 5a 5a 5a 5a 5a 5a  ZZZZZZZZZZZZZZZZ
[   25.209123] Padding  ffff8e5081f85a34: 5a 5a 5a 5a 5a 5a 5a 5a 5a 5a 5a 5a 5a 5a 5a 5a  ZZZZZZZZZZZZZZZZ
[   25.214729] Padding  ffff8e5081f85a44: 5a 5a 5a 5a 5a 5a 5a 5a 5a 5a 5a 5a 5a 5a 5a 5a  ZZZZZZZZZZZZZZZZ
[   25.214729] Padding  ffff8e5081f85a54: 5a 5a 5a 5a 5a 5a 5a 5a 5a 5a 5a 5a 5a 5a 5a 5a  ZZZZZZZZZZZZZZZZ
[   25.214729] Padding  ffff8e5081f85a64: 5a 5a 5a 5a 5a 5a 5a 5a 5a 5a 5a 5a 5a 5a 5a 5a  ZZZZZZZZZZZZZZZZ
[   25.214729] Padding  ffff8e5081f85a74: 5a 5a 5a 5a 5a 5a 5a 5a 5a 5a 5a 5a 5a 5a 5a 5a  ZZZZZZZZZZZZZZZZ
[   25.214729] Padding  ffff8e5081f85a84: 5a 5a 5a 5a 5a 5a 5a 5a 5a 5a 5a 5a 5a 5a 5a 5a  ZZZZZZZZZZZZZZZZ
[   25.214729] Padding  ffff8e5081f85a94: 5a 5a 5a 5a 5a 5a 5a 5a 5a 5a 5a 5a 5a 5a 5a 5a  ZZZZZZZZZZZZZZZZ
[   25.214729] Padding  ffff8e5081f85aa4: 5a 5a 5a 5a 5a 5a 5a 5a 5a 5a 5a 5a 5a 5a 5a 5a  ZZZZZZZZZZZZZZZZ
[   25.214729] Padding  ffff8e5081f85ab4: 5a 5a 5a 5a 5a 5a 5a 5a 5a 5a 5a 5a 5a 5a 5a 5a  ZZZZZZZZZZZZZZZZ
[   25.219735] Padding  ffff8e5081f85ac4: 5a 5a 5a 5a 5a 5a 5a 5a 5a 5a 5a 5a 5a 5a 5a 5a  ZZZZZZZZZZZZZZZZ
[   25.219735] Padding  ffff8e5081f85ad4: 5a 5a 5a 5a 5a 5a 5a 5a 5a 5a 5a 5a 5a 5a 5a 5a  ZZZZZZZZZZZZZZZZ
[   25.219735] Padding  ffff8e5081f85ae4: 5a 5a 5a 5a 5a 5a 5a 5a 5a 5a 5a 5a 5a 5a 5a 5a  ZZZZZZZZZZZZZZZZ
[   25.219735] Padding  ffff8e5081f85af4: 5a 5a 5a 5a 5a 5a 5a 5a 5a 5a 5a 5a 5a 5a 5a 5a  ZZZZZZZZZZZZZZZZ
[   25.219735] Padding  ffff8e5081f85b04: 5a 5a 5a 5a 5a 5a 5a 5a 5a 5a 5a 5a 5a 5a 5a 5a  ZZZZZZZZZZZZZZZZ
[   25.219735] Padding  ffff8e5081f85b14: 5a 5a 5a 5a 5a 5a 5a 5a 5a 5a 5a 5a 5a 5a 5a 5a  ZZZZZZZZZZZZZZZZ
[   25.224417] Padding  ffff8e5081f85b24: 5a 5a 5a 5a 5a 5a 5a 5a 5a 5a 5a 5a 5a 5a 5a 5a  ZZZZZZZZZZZZZZZZ
[   25.224417] Padding  ffff8e5081f85b34: 5a 5a 5a 5a 5a 5a 5a 5a 5a 5a 5a 5a 5a 5a 5a 5a  ZZZZZZZZZZZZZZZZ
[   25.224417] Padding  ffff8e5081f85b44: 5a 5a 5a 5a 5a 5a 5a 5a 5a 5a 5a 5a 5a 5a 5a 5a  ZZZZZZZZZZZZZZZZ
[   25.224417] Padding  ffff8e5081f85b54: 5a 5a 5a 5a 5a 5a 5a 5a 5a 5a 5a 5a 5a 5a 5a 5a  ZZZZZZZZZZZZZZZZ
[   25.224417] Padding  ffff8e5081f85b64: 5a 5a 5a 5a 5a 5a 5a 5a 5a 5a 5a 5a 5a 5a 5a 5a  ZZZZZZZZZZZZZZZZ
[   25.224417] Padding  ffff8e5081f85b74: 5a 5a 5a 5a 5a 5a 5a 5a 5a 5a 5a 5a 5a 5a 5a 5a  ZZZZZZZZZZZZZZZZ
[   25.224417] Padding  ffff8e5081f85b84: 5a 5a 5a 5a 5a 5a 5a 5a 5a 5a 5a 5a 5a 5a 5a 5a  ZZZZZZZZZZZZZZZZ
[   25.229259] Padding  ffff8e5081f85b94: 5a 5a 5a 5a 5a 5a 5a 5a 5a 5a 5a 5a 5a 5a 5a 5a  ZZZZZZZZZZZZZZZZ
[   25.229259] Padding  ffff8e5081f85ba4: 5a 5a 5a 5a 5a 5a 5a 5a 5a 5a 5a 5a 5a 5a 5a 5a  ZZZZZZZZZZZZZZZZ
[   25.229259] Padding  ffff8e5081f85bb4: 5a 5a 5a 5a 5a 5a 5a 5a 5a 5a 5a 5a 5a 5a 5a 5a  ZZZZZZZZZZZZZZZZ
[   25.229259] Padding  ffff8e5081f85bc4: 5a 5a 5a 5a 5a 5a 5a 5a 5a 5a 5a 5a 5a 5a 5a 5a  ZZZZZZZZZZZZZZZZ
[   25.229259] Padding  ffff8e5081f85bd4: 5a 5a 5a 5a 5a 5a 5a 5a 5a 5a 5a 5a 5a 5a 5a 5a  ZZZZZZZZZZZZZZZZ
[   25.229259] Padding  ffff8e5081f85be4: 5a 5a 5a 5a 5a 5a 5a 5a 5a 5a 5a 5a 5a 5a 5a 5a  ZZZZZZZZZZZZZZZZ
[   25.229259] Padding  ffff8e5081f85bf4: 5a 5a 5a 5a 5a 5a 5a 5a 5a 5a 5a 5a 5a 5a 5a 5a  ZZZZZZZZZZZZZZZZ
[   25.229259] Padding  ffff8e5081f85c04: 5a 5a 5a 5a 5a 5a 5a 5a 5a 5a 5a 5a 5a 5a 5a 5a  ZZZZZZZZZZZZZZZZ
[   25.229259] Padding  ffff8e5081f85c14: 5a 5a 5a 5a 5a 5a 5a 5a 5a 5a 5a 5a 5a 5a 5a 5a  ZZZZZZZZZZZZZZZZ
[   25.235685] Padding  ffff8e5081f85c24: 5a 5a 5a 5a 5a 5a 5a 5a 5a 5a 5a 5a 5a 5a 5a 5a  ZZZZZZZZZZZZZZZZ
[   25.235685] Padding  ffff8e5081f85c34: 5a 5a 5a 5a 5a 5a 5a 5a 5a 5a 5a 5a 5a 5a 5a 5a  ZZZZZZZZZZZZZZZZ
[   25.235685] Padding  ffff8e5081f85c44: 5a 5a 5a 5a 5a 5a 5a 5a 5a 5a 5a 5a 5a 5a 5a 5a  ZZZZZZZZZZZZZZZZ
[   25.235685] Padding  ffff8e5081f85c54: 5a 5a 5a 5a 5a 5a 5a 5a 5a 5a 5a 5a 5a 5a 5a 5a  ZZZZZZZZZZZZZZZZ
[   25.235685] Padding  ffff8e5081f85c64: 5a 5a 5a 5a 5a 5a 5a 5a 5a 5a 5a 5a 5a 5a 5a 5a  ZZZZZZZZZZZZZZZZ
[   25.239110] Padding  ffff8e5081f85c74: 5a 5a 5a 5a 5a 5a 5a 5a 5a 5a 5a 5a 5a 5a 5a 5a  ZZZZZZZZZZZZZZZZ
[   25.239110] Padding  ffff8e5081f85c84: 5a 5a 5a 5a 5a 5a 5a 5a 5a 5a 5a 5a 5a 5a 5a 5a  ZZZZZZZZZZZZZZZZ
[   25.239110] Padding  ffff8e5081f85c94: 5a 5a 5a 5a 5a 5a 5a 5a 5a 5a 5a 5a 5a 5a 5a 5a  ZZZZZZZZZZZZZZZZ
[   25.239110] Padding  ffff8e5081f85ca4: 5a 5a 5a 5a 5a 5a 5a 5a 5a 5a 5a 5a 5a 5a 5a 5a  ZZZZZZZZZZZZZZZZ
[   25.239110] Padding  ffff8e5081f85cb4: 5a 5a 5a 5a 5a 5a 5a 5a 5a 5a 5a 5a 5a 5a 5a 5a  ZZZZZZZZZZZZZZZZ
[   25.239110] Padding  ffff8e5081f85cc4: 5a 5a 5a 5a 5a 5a 5a 5a 5a 5a 5a 5a 5a 5a 5a 5a  ZZZZZZZZZZZZZZZZ
[   25.239110] Padding  ffff8e5081f85cd4: 5a 5a 5a 5a 5a 5a 5a 5a 5a 5a 5a 5a 5a 5a 5a 5a  ZZZZZZZZZZZZZZZZ
[   25.239110] Padding  ffff8e5081f85ce4: 5a 5a 5a 5a 5a 5a 5a 5a 5a 5a 5a 5a 5a 5a 5a 5a  ZZZZZZZZZZZZZZZZ
[   25.244429] Padding  ffff8e5081f85cf4: 5a 5a 5a 5a 5a 5a 5a 5a 5a 5a 5a 5a 5a 5a 5a 5a  ZZZZZZZZZZZZZZZZ
[   25.244429] Padding  ffff8e5081f85d04: 5a 5a 5a 5a 5a 5a 5a 5a 5a 5a 5a 5a 5a 5a 5a 5a  ZZZZZZZZZZZZZZZZ
[   25.244429] Padding  ffff8e5081f85d14: 5a 5a 5a 5a 5a 5a 5a 5a 5a 5a 5a 5a 5a 5a 5a 5a  ZZZZZZZZZZZZZZZZ
[   25.244429] Padding  ffff8e5081f85d24: 5a 5a 5a 5a 5a 5a 5a 5a 5a 5a 5a 5a 5a 5a 5a 5a  ZZZZZZZZZZZZZZZZ
[   25.244429] Padding  ffff8e5081f85d34: 5a 5a 5a 5a 5a 5a 5a 5a 5a 5a 5a 5a 5a 5a 5a 5a  ZZZZZZZZZZZZZZZZ
[   25.244429] Padding  ffff8e5081f85d44: 5a 5a 5a 5a 5a 5a 5a 5a 5a 5a 5a 5a 5a 5a 5a 5a  ZZZZZZZZZZZZZZZZ
[   25.249450] Padding  ffff8e5081f85d54: 5a 5a 5a 5a 5a 5a 5a 5a 5a 5a 5a 5a 5a 5a 5a 5a  ZZZZZZZZZZZZZZZZ
[   25.249450] Padding  ffff8e5081f85d64: 5a 5a 5a 5a 5a 5a 5a 5a 5a 5a 5a 5a 5a 5a 5a 5a  ZZZZZZZZZZZZZZZZ
[   25.249450] Padding  ffff8e5081f85d74: 5a 5a 5a 5a 5a 5a 5a 5a 5a 5a 5a 5a 5a 5a 5a 5a  ZZZZZZZZZZZZZZZZ
[   25.249450] Padding  ffff8e5081f85d84: 5a 5a 5a 5a 5a 5a 5a 5a 5a 5a 5a 5a 5a 5a 5a 5a  ZZZZZZZZZZZZZZZZ
[   25.249450] Padding  ffff8e5081f85d94: 5a 5a 5a 5a 5a 5a 5a 5a 5a 5a 5a 5a 5a 5a 5a 5a  ZZZZZZZZZZZZZZZZ
[   25.249450] Padding  ffff8e5081f85da4: 5a 5a 5a 5a 5a 5a 5a 5a 5a 5a 5a 5a 5a 5a 5a 5a  ZZZZZZZZZZZZZZZZ
[   25.249450] Padding  ffff8e5081f85db4: 5a 5a 5a 5a 5a 5a 5a 5a 5a 5a 5a 5a 5a 5a 5a 5a  ZZZZZZZZZZZZZZZZ
[   25.249450] Padding  ffff8e5081f85dc4: 5a 5a 5a 5a 5a 5a 5a 5a 5a 5a 5a 5a 5a 5a 5a 5a  ZZZZZZZZZZZZZZZZ
[   25.249450] Padding  ffff8e5081f85dd4: 5a 5a 5a 5a 5a 5a 5a 5a 5a 5a 5a 5a 5a 5a 5a 5a  ZZZZZZZZZZZZZZZZ
e Error in test [   25.249450] Padding  ffff8e5081f85de4: 5a 5a 5a 5a 5a 5a 5a 5a 5a 5a 5a 5a 5a 5a 5a 5a  ZZZZZZZZZZZZZZZZ
[   25.255330] Padding  ffff8e5081f85df4: 5a 5a 5a 5a 5a 5a 5a 5a 5a 5a 5a 5a 5a 5a 5a 5a  ZZZZZZZZZZZZZZZZ
[   25.255330] Padding  ffff8e5081f85e04: 5a 5a 5a 5a 5a 5a 5a 5a 5a 5a 5a 5a 5a 5a 5a 5a  ZZZZZZZZZZZZZZZZ
[   25.255330] Padding  ffff8e5081f85e14: 5a 5a 5a 5a 5a 5a 5a 5a 5a 5a 5a 5a 5a 5a 5a 5a  ZZZZZZZZZZZZZZZZ
[   25.255330] Padding  ffff8e5081f85e24: 5a 5a 5a 5a 5a 5a 5a 5a 5a 5a 5a 5a 5a 5a 5a 5a  ZZZZZZZZZZZZZZZZ
[   25.255330] Padding  ffff8e5081f85e34: 5a 5a 5a 5a 5a 5a 5a 5a 5a 5a 5a 5a 5a 5a 5a 5a  ZZZZZZZZZZZZZZZZ
[   25.255330] Padding  ffff8e5081f85e44: 5a 5a 5a 5a 5a 5a 5a 5a 5a 5a 5a 5a 5a 5a 5a 5a  ZZZZZZZZZZZZZZZZ
[   25.259390] Padding  ffff8e5081f85e54: 5a 5a 5a 5a 5a 5a 5a 5a 5a 5a 5a 5a 5a 5a 5a 5a  ZZZZZZZZZZZZZZZZ
[   25.259390] Padding  ffff8e5081f85e64: 5a 5a 5a 5a 5a 5a 5a 5a 5a 5a 5a 5a 5a 5a 5a 5a  ZZZZZZZZZZZZZZZZ
[   25.259390] Padding  ffff8e5081f85e74: 5a 5a 5a 5a 5a 5a 5a 5a 5a 5a 5a 5a 5a 5a 5a 5a  ZZZZZZZZZZZZZZZZ
[   25.259390] Padding  ffff8e5081f85e84: 5a 5a 5a 5a 5a 5a 5a 5a 5a 5a 5a 5a 5a 5a 5a 5a  ZZZZZZZZZZZZZZZZ
[   25.259390] Padding  ffff8e5081f85e94: 5a 5a 5a 5a 5a 5a 5a 5a 5a 5a 5a 5a 5a 5a 5a 5a  ZZZZZZZZZZZZZZZZ
[   25.259390] Padding  ffff8e5081f85ea4: 5a 5a 5a 5a 5a 5a 5a 5a 5a 5a 5a 5a 5a 5a 5a 5a  ZZZZZZZZZZZZZZZZ
[   25.259390] Padding  ffff8e5081f85eb4: 5a 5a 5a 5a 5a 5a 5a 5a 5a 5a 5a 5a 5a 5a 5a 5a  ZZZZZZZZZZZZZZZZ
[   25.259390] Padding  ffff8e5081f85ec4: 5a 5a 5a 5a 5a 5a 5a 5a 5a 5a 5a 5a 5a 5a 5a 5a  ZZZZZZZZZZZZZZZZ
[   25.259390] Padding  ffff8e5081f85ed4: 5a 5a 5a 5a 5a 5a 5a 5a 5a 5a 5a 5a 5a 5a 5a 5a  ZZZZZZZZZZZZZZZZ
[   25.259390] Padding  ffff8e5081f85ee4: 5a 5a 5a 5a 5a 5a 5a 5a 5a 5a 5a 5a 5a 5a 5a 5a  ZZZZZZZZZZZZZZZZ
[   25.265375] Padding  ffff8e5081f85ef4: 5a 5a 5a 5a 5a 5a 5a 5a 5a 5a 5a 5a 5a 5a 5a 5a  ZZZZZZZZZZZZZZZZ
[   25.265375] Padding  ffff8e5081f85f04: 5a 5a 5a 5a 5a 5a 5a 5a 5a 5a 5a 5a 5a 5a 5a 5a  ZZZZZZZZZZZZZZZZ
[   25.265375] Padding  ffff8e5081f85f14: 5a 5a 5a 5a 5a 5a 5a 5a 5a 5a 5a 5a 5a 5a 5a 5a  ZZZZZZZZZZZZZZZZ
[   25.265375] Padding  ffff8e5081f85f24: 5a 5a 5a 5a 5a 5a 5a 5a 5a 5a 5a 5a 5a 5a 5a 5a  ZZZZZZZZZZZZZZZZ
[   25.265375] Padding  ffff8e5081f85f34: 5a 5a 5a 5a 5a 5a 5a 5a 5a 5a 5a 5a 5a 5a 5a 5a  ZZZZZZZZZZZZZZZZ
[   25.265375] Padding  ffff8e5081f85f44: 5a 5a 5a 5a 5a 5a 5a 5a 5a 5a 5a 5a 5a 5a 5a 5a  ZZZZZZZZZZZZZZZZ
[   25.265375] Padding  ffff8e5081f85f54: 5a 5a 5a 5a 5a 5a 5a 5a 5a 5a 5a 5a 5a 5a 5a 5a  ZZZZZZZZZZZZZZZZ
[   25.265375] Padding  ffff8e5081f85f64: 5a 5a 5a 5a 5a 5a 5a 5a 5a 5a 5a 5a 5a 5a 5a 5a  ZZZZZZZZZZZZZZZZ
[   25.265375] Padding  ffff8e5081f85f74: 5a 5a 5a 5a 5a 5a 5a 5a 5a 5a 5a 5a 5a 5a 5a 5a  ZZZZZZZZZZZZZZZZ
[   25.270341] Padding  ffff8e5081f85f84: 5a 5a 5a 5a 5a 5a 5a 5a 5a 5a 5a 5a 5a 5a 5a 5a  ZZZZZZZZZZZZZZZZ
[   25.270341] Padding  ffff8e5081f85f94: 5a 5a 5a 5a 5a 5a 5a 5a 5a 5a 5a 5a 5a 5a 5a 5a  ZZZZZZZZZZZZZZZZ
[   25.270341] Padding  ffff8e5081f85fa4: 5a 5a 5a 5a 5a 5a 5a 5a 5a 5a 5a 5a 5a 5a 5a 5a  ZZZZZZZZZZZZZZZZ
[   25.270341] Padding  ffff8e5081f85fb4: 5a 5a 5a 5a 5a 5a 5a 5a 5a 5a 5a 5a 5a 5a 5a 5a  ZZZZZZZZZZZZZZZZ
[   25.270341] Padding  ffff8e5081f85fc4: 5a 5a 5a 5a 5a 5a 5a 5a 5a 5a 5a 5a 5a 5a 5a 5a  ZZZZZZZZZZZZZZZZ
[   25.270341] Padding  ffff8e5081f85fd4: 5a 5a 5a 5a 5a 5a 5a 5a 5a 5a 5a 5a 5a 5a 5a 5a  ZZZZZZZZZZZZZZZZ
[   25.275110] Padding  ffff8e5081f85fe4: 5a 5a 5a 5a 5a 5a 5a 5a 5a 5a 5a 5a 5a 5a 5a 5a  ZZZZZZZZZZZZZZZZ
[   25.275110] Padding  ffff8e5081f85ff4: 5a 5a 5a 5a 5a 5a 5a 5a 5a 5a 5a 5a              ZZZZZZZZZZZZ
[   25.275110] CPU: 1 PID: 62 Comm: multi_test Tainted: G    B      O       6.6.17 #1
[   25.275110] Hardware name: QEMU Standard PC (i440FX + PIIX, 1996), BIOS 1.16.2-debian-1.16.2-1 04/01/2014
[   25.275110] Call Trace:
[   25.275110]  <TASK>
[   25.275110]  dump_stack_lvl+0x36/0x50
[   25.275110]  free_to_partial_list+0x2d0/0x560
[   25.275110]  ? cryptomod_dev_close+0x1f/0x40 [cryptomod]
[   25.275110]  cryptomod_dev_close+0x1f/0x40 [cryptomod]
[   25.275110]  __fput+0xe5/0x280
[   25.275110]  __x64_sys_close+0x38/0x80
[   25.275110]  do_syscall_64+0x38/0x80
[   25.280184]  entry_SYSCALL_64_after_hwframe+0x46/0xb0
[   25.280184] RIP: 0033:0x43a8d0
[   25.280184] Code: 00 00 48 c7 c2 b8 ff ff ff f7 d8 64 89 02 b8 ff ff ff ff eb d4 e8 80 26 00 00 80 3d 91 d7 06 00 00 74 17 b8 03 00 00 00 0f 05 c
[   25.280184] RSP: 002b:00007fffc59592b8 EFLAGS: 00000202 ORIG_RAX: 0000000000000003
[   25.280184] RAX: ffffffffffffffda RBX: 00007fffc5959698 RCX: 000000000043a8d0
[   25.280184] RDX: 0000000000002050 RSI: 000000000204ed10 RDI: 0000000000000003
[   25.280184] RBP: 00007fffc59594a0 R08: 0000000000000007 R09: 00000000020506e0
[   25.280184] R10: 675e023bcf5eb021 R11: 0000000000000202 R12: 00007fffc5959688
[   25.280184] R13: 0000000000000001 R14: 0000000000000001 R15: 0000000000000001
[   25.280184]  </TASK>
[   25.280184] FIX kmalloc-4k: Object at 0xffff8e5081f84000 not freed
function
Some Error in test function
/modules #